TokenAddress,Birdeye,Bitquery
4owDWnzjMZqtf7NJy4L6tqUMchQxFuSzoG2GpVc2rRNnbEBnZ1oCTX6mHWfmQm2kpMQUfqwLFrjKmN4r4EHqCNWH,true,true
5sWQv1cEjcNmKjqTmZvbSTd3Yms2iT6oaV6g1JxPb72tLqtzBSdQc8P2HgpxpNCzo8zfQxJncuDQMn3r8Tc6oyHe,true,true
kXk5yknqYSfYhtoWWvqTX3kTmLQ3pW5fGnsP2g2GG7Xa3JqRjSDiJn4k3zLbQAuutvyTmLGmLQYoxWV9gjuzQtK,true,true
5H4NcQFModcpG4y6QxzbfghpHMb9iqu6QGXByoRp3ox8hG7p9VpVTAUN2bsauUeztxW74H2aEcBFu7EtEjCmPEcx,true,true
3ehekJqhzwV8BMgTKqtbLiw6Twx1SCVJW1tVTMDaXyC6mWFXcdroTyn2dgj4JsBb4WiFKSyxEk4d4njGas3BqKhH,true,true
5cNLHzGMbiKgkjVZjKXHWfQNCGViHF8u1v4qUMmxCmhdboukVzZqJXrnH5vRJTKZeorVuYogenGHZq7xXdz5njAh,true,true
5Z8AU8t8UUX5LtbdaptXvAFBKwffuficnnNjxzNDMqikRSspLqxg3ngY7DozKsGMmTmXBRLXsabBCoXpVX7rNWBT,true,true
Ad5Phisdoa5nNHinDfs1pey121L4KP6JByMVDahiRhmnpb3dxg3tv6Mb3XP8RGyBqGCYaYrxebp4Dgu9EJFwonf,true,true
aEBi9ya74CKX57YgZiV6tKssEUmDW1wYjKuEGS6jnopsL79VCtVU6CMe8bqXBUzzYeFddNTP1exdvp9ev3SbeXj,true,
5f4ES6QSX6TpiLzzuWAFUSAd87xEdex2PAsybwwrGrVZFKSefDwJonsDh2PaQetkaYcgYchvQPBEKH2anD9U5eXq,true,
3Uvqp1LaFSnYJ6hAE98igPYXeeAMcPJFF9pbu5keY46Vp2j9rhRZBBcN8jdegHpuMGxPGcUVa9p3qiXJejxgxndd,true,true
53sR4BDWZf9DneNbLG2Ehw2Chnh21tKCk93jYhZ2b5ggSR1Y34tmp6dLEw96w4mXheZ8C45VtXE9As8aTus7WkDU,true,true
5RNYiSA9iAwbwqDunnNJjH6R2J6ZzgbMrn8qZpDLL1s4F6FpsxNFzgnoDpAyxSt2yMnUWKFDMd3ysvWaJq296UHq,true,true
2Ef1wxGeVcJYEDgvHRSboYT8wYJyfoD76gmYk2Fw3rJ9i5KtXmH1RNmbw3giYEhqTVnworv8y5KPBYpNfEGdmouG,true,
5WyMm9Qu1S5DEfy7RZpnALR5BKkj3895Ky7HJzGwfMUJwdJ2oe5aowWavHthToWjSoRyZDGRkAh2xsE2U2xaffW3,true,
2GTWukSerr4ETZyRYCGCQvuGHdCGQgwyBv8R76GJVn4bycDrJ7iZ6p2y7KgBJunjL8RkP5JVDZFMdPv9pHnedo5L,true,true
36cf1AXKBhooqbFUCNtpTG69AmqY2JXquKfjKyDxEdsftVYYrGqJCgk13vkHp2QUqdaBA7jYxKVgapw9JYng8kvN,true,true
4bzGUBKiWFFfLmRLCXPxRspvKM6KbCydVnu9ZAj15sjhU5VKjSQJBPBCESPeuvmjU9jwoXeSR5xDAaErxwR7Pkvj,true,true
4DRV6Xj4dUgR6fGdbdzVDC8WK4caLc46qnGGiVrPZj3CsimKbrtbpgXgnxH2a73vDcSwp34q3b9KLftNAcean6DZ,true,true
3QNN5YJ4Jw4JgoNi4LiiUKaFd9uGbHoA7avAqsGFN3LTqAdL6gLfKZGPAR8iYYunMSMZCZbANyWkAUsuFX137sQs,true,true
XqZZRHBuQHvdah7YY17AL5FzK2Qi3VS3pdXQzf9u5Q2m5hKbaiXP4xF1KHdC3cH8qTgCyBPMs5ohwbe9oM9PweZ,true,true
5vUGus7C1DCD18VVpv5Uy3aHGyUdZfX62AHKKZWAuK6pnGgm66AQZqKwx4aYGayUEvuhw3NbPdHGaHULen9sRtrc,true,true
4Z9RJy6TieTMA18gsK4pQp4mfknoVC92wv8RhW2EuX2D3D8e24JHGyaYQUUW5ZVGH6wMDL32njzjUn1HnWuaaME,true,true
4xKgBmWdf5cbrK5dJm6gCuG29pZbLdJcrSiz2d3QvMVekHDTPDpaK49BN3UMsaqHypoKfqDghrGfnr3ocTK12Xwh,true,true
58vxki7217q3NQtPtUxoLHKZJQ2UjxZhXWeRJPUPqRoH1bqQAMBVyxGU8c6U6CuHucuBWbU1feAXoAoJWY8css74,true,true
3FmbNz6bXwAwS9DBgRUdbKZZK9gEUeYGA3CmLN3CWKMpqHUsJtbk3JgFBhoKGDovXer9dqzzHppfGtANDicSawCU,true,true
6RCB3XN99HRaoU7GEbY7uVC2q84YcbDuL57TJBWrR3LRZ4B9mJZJvYn1V5JRFNVKPBQGMizWwWS2irVnbUYJuht,true,true
41xbvtRpZJUBMYQXK2kNw5y6z6XDvRPTjH3Cukc4WSAzrKW5Gct7hQrUvdcAcJ2zQYVQyjQLwPnT8LjFnJpgd9HL,true,true
a1MS9DWkVAvdAbCS6HgJvaqiy6rzF9vqcozHkHFMKP5dBs984JMnd17neqhcT8H6cfKYFWuD3ZV19mpBzRqsNEK,true,
4K3GbDDng1qmV5pPkbwBgprv9VwhPCUipsCVdjKxGNkDTj7wpEDBbCNaGTbg4oWG9EmFr1z9MBnvRPBJD3kudW49,true,true
3WiE3HNkbqQbUKduu8s25noLPayiwBiazCuhGgVqh5vZDSzNSXSVRAGvncHQUCCN2ESt4qF2YpVPQ86agU4Spjr6,true,true
5qY55Gxzc5fHVQpFEEvay7tdt7wkCxdSWgmmYJ2bWdPvF2jAAaRH2eR4uHyuui8Yh789FtP5XZpn5g9PxVKmLRrL,true,true
3t19FQT9vwYDaA9xRySX56s66AZR9RBz5go3PfWyFmDc4rPDKjmyh5yiPCL9hVrSw8iVyFksnftTKohywEYSW2mn,true,true
29MGyshjX6NyzGn6WCHRbNxGvxebbRMoWCLozyyKoJdo5zGCrM2WKzsxuETPr2UKGwwSWJJw4uUUd2EF6x7m4MqX,true,true
3guKaVBD4FNJVKJ4cykSp1gvCRs95btEQduuGVZ8HQr5yCaEbfpDETkb1xjnaqrmeyz3J6yWio3mLDrUfKT78Y7V,true,true
2VF24TWjkfpjCWS4oAqwci24mALqwFcgfdEFq1f5MLZwn2q7YjbVJ7pkZKni3Uz5K9W4pdDkEbUzctoUw5caPZUC,true,true
3DYRTHWUgrfabdPraKs8BJRYVzqCbndrMb8WsT4NGQtyEDShkhQt2Nq5rkQnLdEmZW5HcKC6dcuUUiQCN7FdrVsS,true,true
3p2Ln9p3USkMfEbipqJkwddGXShp7ZiPX9Ca5K9tTRw9QwRqtzgQxko988qi15BCJbbMET4W7L7SXsCYeh785Z24,true,true
3pNAFzNbSWEsTGQRKiraZ49wE6QEr68ujavFG6bsoP6qz9w6Tt9ufP8TrPc8awS4CQHeJtYm8XivF86bJJd3s3eo,true,true
CmuMnnCZNAxvEDLxXSUXFRywhAAoXeDGpNnFkTN32WDqGPqhGpgACP4C9BxCkYuoKsCUtTmNr6uvHmS2YSPTzax,true,true
34GBqfcauEyqTrWZdTiaExs6av4cpunB8yFZqQNyBQes6MFWAAvUiYSgaFAjCFkyf7eRHkwhMgdF6prFuLQyy6qN,true,true
4FPnkYFFH3SGatMvsZyrUjAbXvDMu3UrMt51VFdb1CmfXSpnGMkFLFwWKfp6fVXtksztGSWp65BvDnkRDfaWwMSm,true,true
2TcsVyALMT2wStqnqmqsmVsoJNb6zhQGXzLAnnvjpoYGDXbgJzKk9LWTpvqrr7G3m45jXU7xmQuN4kxpL97aj34p,true,true
2m1tbXXK9wKyuFRGLKzpHLns5vXKtSJ54stL38T3g1eqNrTJpRqUBs9wU7JavsEsrmWmaCe5DMwgVCYYMSA1n4Wb,true,
426Mci27k6uLw2NFLmkhnihHTqdRZ4wfssW4CbCZ5r1N3pakikAGAC81Y39ahnGwLWLuSotTcjoPe76FwN9z4XVh,,true
34v7ZHHNN1qy7rX4XV1piYx9bfPoD4DUHakUfmNTVGd8j8xBv6Gwo9YtPi2yHoGJoNNJUPqoySzFRdQgYkQRhunY,true,true
4a4o8MN9VDEth5yxMy5CGx5Kj6BWgGvHpnyGezyV4x2X1Z8DsqkVUMMkrxP9ZxiiVRK5xREC5BKUGCFEm3d6LxzK,true,true
R68d33dyDXmnV3Tgoy8xVCTVidvByKM9Bgsw6VaZHYjtdB7C93F1y2VLzQZcVUCjxtDy1f6QYUScyj3mV6cwhau,true,true
3NoMrBACzPQiKAJxu84T37jzCgYoEcXWrGvbMoNiogq466SdWGsYEP9EdhmKcRLY2N35EP9H1npm1hWaXAwcZj9R,true,true
4t6giGRZ9DTurpqDkmLXwoMTDvXknaZoZ7rb3iHhiHyRcciLNh7kPjkwtJqgfP3kAtNpaVbUHX2oekjGmCqVTBqk,,true
ieGLFXq5ALk7w1JzUD9bMASHdWu9JXhjY2BsnTJ3oXo8pujw9EkZEQvXMEsxfW1jrEouDjyxDuBvLrBSN4TrSCd,true,true
NYCCo6i6Py47Jr4KsTt1dSBK5MTmBt6kY5dD3M98cubqQmLRRwC6jyQSmfAqVJWok6Lgo5jDUJscDqWVeRJWHgN,true,true
3y7DobnNm6txr2p6hbfMatuki2ySjpU3a917Q6g1KRNT9EqiF3vx8LE5tmFD638ArzMwJH8QJVpLu7x3uucyYyT5,true,true
2jZz4ocU3M3NCbMmCKeM15pyfvhmXcvGxy2CtNCwwuLWnSWAjeEMzrzhnYmECSe1tj73y9dujnHSeZrJSpDdwH2P,true,true
32yCdvKq4tH8d1CfquQXi69C2cWNkSbBz9kbq5UagysuL23hBg3wQJaGb4m2gqp2hZMFpm7SyLsASvukH8U5q5AH,true,true
6FNNEY3YjaestyowCPREVZF7VzBDoeyGAoH3Gzuo6GDhAvA7K59EMoZ7Tb5TaYL9VhJ21vLo4p1HYFoth2XMcm2,true,true
5kb2KpDww9fMEQvr8D4LuXQqsbntskX6TaaFy22eDmddUvCRhtWqMotWVDZTumYqK8k1qbJN1hnf9m3eyGoe7d1z,true,true
62KWdnU54E8ZZXeABPeDLnxqvN81tsd2eLa3cQYkdtxFVix38P7rZiGv9xCrS5dWkEt3i6LD8EdvckmxmfXY3Km7,true,true
5iamgEbCBGKHDSBwgXVkvQaaefBAb2dVgtJxafhpEJ4p2MGQjihkczeNdZmXd8TdXYDE8mbhBzJuPfFQYUQABP67,true,true
5bVUUha9bkBSfdk58RHMZoTwpjhreh35JqnoMKTaNUNpQc81USZxb5AbAvp9m2UPZEukhXbEh8TcfahsgQSceiwh,true,true
5HBxdYqfCcPWbjix6m7LrFdZMUovfL8aDJ4ZwvDn2vi6rXHZuCqwWHYUu4zr9sbmTnmPHSHsJ54ungeV8heV81xV,true,true
2imQZErsHFAXKp1SyHrzz7JzPJydZo9hkK6DNs4RNZDAEiPdtJBCme3WoF7NAfWmD642Sufz4hUXiYdHzU5X1DCz,true,true
5fCh7UG1pa5gAKbBa8sZwZYgv2WwyqSRG2EC8WE1QYcxW5DgfyC6h81JxsBwf2jGcRNP8c5qRJ3R7WEoxF7VfWee,true,true
3LKtCAtL55Z7kRiCJTGkSH7g1bbC7VcV989jVx4nsztYYbVAAhAKQk1hbx2pUQHeAu7VfBGHxsXgEVJK3z4m95nk,true,true
5BX33K1XaSVQb9qkpvTibX94yU7VH2shrXaRuA7qfmJkuvTDsECvTV5wiiSw3GXMiChefu5gfHNJBuT9yD6Pnq4M,true,true
4Wqkqrp7FHDw6uEfBbwkK8NDzxJcJF8PNwmjkPcHPbsqUSAzh5iAetfuN172GRohuU2VCUKYqErL1szmdoubqsFx,true,
5akcayfmuMRnjZ9vy2GvtBmm8JBUGxuUy8sVcwPAthL7XPqv5gU45sz2dE41sNYqXrTR8Yndpga3CppsGoHPhK4t,true,true
2hLMAD4kG62cbR2AVEozTZMAUaBuvTVjDPL2o2EV9MBZspqMtD1grLj8XaUVgA6FxvPyDrpXSMXiLsdzmg5oB9Kj,,true
2ZYMXydmeJ1USb5vVqckswGZTKjkmiyrFy3WZ3LCV4HanXwnr6cWrTGPTZMhDcYRQGamdvpkZ434baURpytP6T4d,true,true
LTLj1gWoxnwMK4xtZBcHppGkoCB9RQTuMHFHsKZWeVqQKHWoE3dxoXneEkxbEfXziANCMzkZ1379861MDhCDJcb,,true
3o3h8HC754F1ugU2728QuYshvrV9G89YetZyAxbJCtbLRxVtH7Nu3gjS55q1SciJCyNTjENLsvEcmxhSJKVLhaid,true,true
4DNJZRP5ozyjt1ghXzXLoP9J2V3eHfkKzWDU6DA8zE4f4zEu74tZwRtLmj2TiYrUvcqN6xrzy3joXpPoUeut8FCF,true,true
5cpqZ7ALaHwjMeyRuJymvbQHpUYj9zx7DMdoedAm1LS4UPS2ehQg3AAphrr4V579Qe2FYBbqmB44Wb9MZc65KGgc,,true
4KYyA7cEGa95ZFy5NQsoVnEfMUFMyEZQGyZmgQehDEofCT1hBy1SkfMw4qrz2jWdJAtyEMpVvaX443gaMiZ3FKNr,true,true
4LKPZrGwxuErrbmWGsGXKsyssfznzKSBnEt3YNnDYZSAaf3azw4N1QntEZ162nzKVhH1VVSExa25daZhFK9D5qnp,true,true
4EY8zwT97hBZv7o1t33BP2wwMregPQw6VwRb24afhpKreCcn5Y3pLRDhFr3nbXYG56qmwTgpqpyHwKpRsYRGMhCS,true,true
3WwadGNx5iMuXrYf1jYrecHjckMrfXaMUr3YXfMUKTQw1TBgKBBd8McsVjca7gV3jErHGSjGeQ3LbecKzvSRdvqn,,true
3FDNdFsgyCa1RWLbskt3EroFBt9s4wUzGSc4p6Cp7XCGBTdMzaWrjLjgCws1LgD6E5BmGBj82EW73jyVF2V3y2hq,true,true
219CGTMzNAANLo61DC2smbxtwBjipeWcW8nd8EYfveuXRggHWGHNEC8teGV1CXSULeRgCMeQj6QsCA5Bof91KEyy,,true
3be2eZUJu9DghRAzeBB3nZHEnGfYkpmrAURSvxckp2LSNm4CUDLmHtfLytMx52SHB1vCMGVmRLEWL9nTWwysqP4,,true
4v8WdxTyhkRmvjJaJ41JEhcG5Gzb96Ty9ovbhi8hwbCDvqGrp879XBzHtyZp5tM2PJuawZrrAiXzHfcfBmtKRQEU,true,true
2WuVMPmrevMwQ499e9vMu6zVVepwSbkPvpuZaJfEpqXzAYizD2sfbS3bXAJuy1GhfF9owrtqvGJP8UCFnL8Fs6cR,,true
312RsfogdWaYWKDUwTf556V3sHKKiiJZoHv3hTzyVcZaGai2N2DC8sC3bwU4usP5UyQsguPtQpzYggBQaFLTVmNu,true,true
gmKUhggrdDJVD1SurXhAUFRo1zWqiqVZPnasUp5jJ3puL11JN5zZDGmhhsvCKMKMzRfqk8N5bKiGYnLgT9otNhf,true,
dqjmpGANdn6xfyPLm7oAaBgWbJMUqMSgEeUpSsoS3xTiPewwBr3UhwAqcr2LkcLtUJQC6uggPA9C71836P9E2Uw,,true
3zXfUPCqkSWEP8aGMuEFwe7W7vTsoeKq918X5QmWMdfqzGuYJgfuvpDg9RgJEVedN7FwiNCGcXnCowFbgz194wpD,true,
5Mcaxg8hJJ5X2JkmX8HZhK7atxu7j1E7iKfcHdfG1EME8DKoWSdFGpGDTFJQe5EtgVyPPv47sfuoDud1E2WLHJvR,true,
3t3v4YvCb5ThcvCaJH3EaVLh1CNqxL11nYfXZv9Sg6Ai9b5cKzhzrL7qwmWgVpcZF7y8XLe7BEW3FKMCqYKjA2XF,,true
4iyN8v3MTVScTJ5m8APpKSM4Bvn2YpPCcrFtxPqwnhyNcyFwTaqScJ2kKE1eFaMozmEPSwRVWih4QrCkgVjxxw3s,,true
5R9w93Wt53V2f1oSxTt5cJe1DLMay61e3vi6rvWSigo5hghbXRVWtGbZd9sUecdcoFgZZ2kB7bopM438T4UffXDm,,true
3dbvCbLbteqYYCqteShi5hNmkyknotJdQfhiS261SWCuti8zZRp8i5kwjSHMKaaNK6xGtbotAngPd9oTcHZCct1q,,true
RRSh3v9nyw9FzUHxHy9g8mYefHUvJkHZmYA1uAaaU8LvtCRdFeGAQYNhKch31BFJN2RaN1kbwJCYokqcx7KkoyC,true,true
2BNFq9BR6EkGJd52hHkVk2cMhhfLL5cAWkJrHttL19PXFmeXJZfufVus3sYHcrKxRxAKJxesWrbQ82RyosmfVatP,true,true
5Rmiu3smgsjmKbGCEHHLMtGTCePunXKrMYxfo2MddXs2ymaUX2N4Fp27XdRbanzo4dpx4Mx8QeoFXg3kskpNUSSy,,true
49L6bdAtR7CCradMKrqVVXAWasPqfxJ9XE1DssvptUCnj6jKZmL6Gwd6QCnwsmTSftPZTkxPb295ECCNccrwmZVQ,true,true
2TU59A9qKs48XxYe7uSqP3B6nxwLkiXrCAVhLjQzVRSRqX6SnGenKn3d6YMXMWrrK4Vf28DbwtWRyYZuWNn8LMc7,true,true
38t2ynBE82fQ11goT8uCJq5T8c9D5oTMjuma57rxVaYqBiuEEgPucivJ1qttGNHp1NndcnDeWaBHHj2yPhYq3Fs9,true,true
4zfbQRPYWre8gHfq1UosHxHRNpF8vMNoSKdMy5X6ChjtArNUfivmVVZtdXRcuquLxjQwpxPcyqDXiFGY21d8Myex,true,true
2WF2GRT5R58VrYoyHteTbt1X922GsVMuCYT75dHGZ1z6pe4GJYBg5mDHLNsqgyJ1ThAWt1dxHtAkfwFR3dguwbKQ,true,
3PypWG1Y3SehqLJ3GfhVktnvmKRPPWRwfRkZ7hatQYQtEMXaMW47fi6oG29DNiBorJZfoLE7xAtP9YuR8stQPvXF,,true
4kCSjGq52BWJeW9g9cpX6zkXFsGoiajThWUBggnps5Bw5y84BWiqDAJeweo26EKwTpF948e3QkMHdR641Ca1KfGN,true,true
2ddYXFCxBFAbv4tB9J949VBx4nGUUHwxnFFFpzasWrRuj9zhQ3iUS4uThFs4V6ktAFmu2ctFWxN7QeVC6JzTbNSV,true,true
322h4jEecVr6BxDVobaAPHieJGazu91NxN8Tx6LS8WvS18ag9Y5Y3XeabpPpubD2svduRSzDddoLmBqRVkFsmmnk,true,true
2HNC6EJJzEJc1Q79RKd5UdmCvtTyHjL6PpMfkSnieMTZVAy4zGP2qqWyiawGXmvMkj9nTwCbravUxbdfTCRdQTkJ,true,true
3xQqkns4v5vZhNk1bmkGZ6HEaEwHZ71eMNSUQ7cEm8kXHhZ17CGbPZy58dgvph6nVdj76SR4K4ALrRM38PWdQEKZ,true,true
273aFgxJHptmqSFgZ4C8z2gXA7GcKxtn7tX9rBauo2wDQLxCLaNCoLVkmdyYZ8Fe7GAPLEVAxkWySZKHMt28QEkD,true,true
fGQA26SohEf8CwPY5tQboz7SKJ5xFu1T8wbiChCswaU7M3T9rh5eKmpZ67apdHZCkgMVxnfWE9GeMYoQbgP7PYx,true,
4JZ6HaGsCqWXFfRD5b2aTJKmJCiU5bikrQpRcPXAyUP54DUXWZH1zKVpzrMHxZfdsseLyTFWYiPcLcpWdcoFw5f6,true,true
5WeSQEE5ukdEksZgQgwra9ULKogjqja4dbMkeMmbinxQJwrP7ynaCftPNpAJrEnX8rN9a676r6LbWg7uBoiqm4t8,true,true
zBDySbyVt559wrGFY5x1qJbhGqBsuhiajCfSNrqCdVgGJDAWuvy17KZ2AUQLp5jRAqpuF7xRF9ichMGssabbhNL,true,true
2Di876dDne1KCFeTkjXFr77w5Ed4Pr3zX33wvejCXAAhU8EMVrF3UFioHxfg1JEC38M597BvrY84KZc5m6EeuCat,,true
2418YMLEhQPF4P8TEBqtwHdv4dmhuggFK5nmtfXBZf8A8Rgob4ZfHRigRhcXy2bsosFxB84asnZCsCd3EiYtyuxq,true,true
3yaNqWWziTCDFVJoUNrfS43ZWiCUMWMzogZefS6fiCE5uYxJEHkrQqb7PtcZiyuBnNQoPVyx3XDFeqZ3DfhxpBBR,true,true
5mSm49ZoeoEVapj5pUetyKFevhEhAGnXe5RRQ1UeuezSybb9GDHoTB9jkxs1X6edyEFg9DRo6V9UWxhT7DEDwAa1,true,true
27fEyyKyD5Ycm9ArZ1mhHKoPwvWMp7MFfsvvc3pG9Fc2xoZXC1E3GDUkGmj1Ak3LDzkVAq7wpC43W2Lkcea7BAoG,true,true
5U5gbisL1V6wu8cNBVR7Xa1ioGr7UQXYpVnFtaEgRpGnaqQS42CUqHXgzLmUVzHnU7LLfWMirFavFPGXANpUEMQi,true,true
6VN37Q9ANe1NPJLhffJMtXCrABgSqzjpXYEfSB6dMq2Lh6DGUcpKWbUnCounx8drptendPD7y7Ljw383PHBJysJ,true,true
3x239taKd3XdUXt4oEjhnSy8UufzRRm9AXLCSGNb7QqoVTmhx9rQwwSioWbmCSgyTGnyKY4j8SpYMqcXNwJM3S6z,,true
Gpt6jxMRfDp2YrVMAsspsg2HgMzEeXWnZq63KY5DmbFSQ8MQXDrfyWzUf5dgwUT8x9JUAm3nYxorz6MEroCPCJ2,true,true
sKFwiWcG386tpQ5GBHBabeRFwFQZgEPGAEjpM3nCastM2E5ZyW7aSMstZQytF2ogQssvH4VtXsd2cSg8dsBbWUb,true,true
4yTf8VYtdecMHScH8UXTu7QnkPA3HRWMQqgTe8MRQwxFkHSGCgriZUSHKtrrHTyXqzyzQPHd69yDTrvWE1UrVVw5,,true
3BGdUxipUTguaKTzYZ7GesNqX5nmenTkcYxbao94fZwBRZKbmyTRvGqTwTRvGpnWzLAur5igt459aFoG4Teu5iri,true,true
MKKq4eHZjSCYmJNyV8oRk3kNLoPajVDf2xZoTLj6tF6tEa8yNYGHmBtkJFwjpc1pq593WsT9Yar7MoYmidhN3rc,true,true
uqR1p4f1vKE2Ecbo5S7GXx3j6tfiuCkwttMrAWreQD9Ymm6QWGXFhVPxcWC71y7L9AyJ2K3kJSG3EnBj7qbqUTy,true,
4XF2cnPreZrnvWDFXS4DghbH5NLZ64iGGYwZ75abdk1fuXyFKrTB3Eqq9RRDWK3iZVp1JArmfypmqwzqHuHVrqka,true,true
3dbTRJqQ1Xot25wFh7t1eVCPKLML6V28x1M2AQsus4sivbtCzfWsoV3B2PfhK14myWMqeL4GpfuubVYTv4aLm3SZ,true,true
tzqH7EZWB9ngNFDZjHN4m2KGX6GpwCt4x4DZRViLZQhQjpAENYEHWSbLPLPvY4R956obyTUszcHoaK6L5XF6tDv,,true
2r6bMkKVkpgJ4ncN7EnozyoSALibYaUigEDaW2HZRKAKZ85x5nK5BaGLJqtcFd3D8Pxw4WM6Yb21Biv47K5RFBNj,true,true
4rqGUTkaavZxxsDLEE2CYiQwncEi9swqj8h18fwW5r6kkKze8zMBULpDHzF2XGmsyYrU3PVbAj1xnDQzBfutjobY,true,true
66uq7yjDjU1qZEnHNuRx8wNo8JWiE6YXMRZYQpyrd1PEhv5G3osLSgC7fspDUwJrUmKHCkW2WYP3dghPvdVbwc7w,true,true
27LSpXnfzbmVmgH26QBD8ZpaFuKLMTBVsfEec29aiazDHB1Ujtu3878WmThk5x7iLiTsgLKtR1YRKKX7BSyYgDYF,,true
3ikGAvnvjKiz8NJtpNxTh8hPWbCHL8Ebk6CUGG11gUGDGiQmwtFkmGV3sVURcoCJyCf2NLJjNQqDfy2xVjRU8Uks,true,true
4zRF9idymkrZCYwG7ktccLk4DH74e3s6y1pq36si6mvCwihcB5ETgvZtiyAenqQhu4JKcn4Z8sWtFCrKLpdoauDu,true,true
4ureo1kXx28WfCBx41F6ocD1t22FqkHQM6tfmDGxKqmfTCnDkJWSj2XufLsT3uYYez8R3hVrVCYqKoP9X9GoNHFJ,true,true
qfC72X4jubVSXnRCNvXR1nZfvpkX9TK3kKn9dCsyvVn3J1k6HggnB5XoseSbpvFd42EpLJvq4suW9dQuiw2VfKf,true,true
5G5k2HucogSoYaF6n4n4HJCp4dA6kNJZJMjR3RkkreJDCtej7GvfnzWTdAxf6WSxNR6874uVjYehrX7VrVd1DJpQ,true,true
5fWHZW3sqcg54NBmmecpBvZMHNqVQY9bMthqKQbBuAAFFZyteZHrCZQkFjRjw1xjCNyk2uZjgLFabGbiSXXqa25M,true,true
22ghhmqxqHccyYREniHjnyw1cExzSMptcgAqLGkfSHybNPcXCZZhZdNnnAQsGk2baom9Twa2gWfL3VoUpCLQGDsN,true,true
224Y5W5SRFpRJmMV9ufj4WCVeqJq33ohRLe7rSbi9YmLw6tj4aeJbjLeixJhGFt3M1YMYCqcKPWaoF9FJv7B6tEA,true,true
4vbSrAX97uwWVoGRFuaKi91H8m8T3ZzDg4j6ATBjUmFRTzhEgY5XUh2NZ4VLpovXZvr69stD9NgysbtArGQWxooU,true,true
4D5quvT2XQ9Dke3W4MMjGeEX38sBh49sfBXsFd2Y3RYgGJ7q8QmuptinBL9GaYjjLxfgZnC9kVJHgNFDfp3QbzKo,true,true
2TCx9Uy5hoU3CRMiUfVhZP17TbgYq62WZEnuPGc9fyyRh6qFkXjbqZeMC2nV6Lmsib7MHw3qPZYVnKAcKgbTXxqR,true,true
39eB2sREPj7dNx8Sy2NLnfFLm3iZeKcjpTt265SXN89qZxwpTVhnxDEPXoqcbve9xzig7ALFhkdCXWbF3Wff4Liy,true,true
5PsPNU7WmEGcsrrRVvmuF6T8ZCXBwo7Bw5CCWY9UudRTkYs8XgSCsZAeLerQfSVZ6bAFC2kKfbJ65UbaUudjJJnn,,true
3dZK6MsQ2dhvYQpLAwa5wS8UB96GEV5ow7DbqHtme9i1iq6sqWD6kkQVXDFjLktdyw8cd463Cj3StQjKuLmiu2Xk,true,true
4VvNPyLMmeHti1CFaMahGye9ioEUm5kS145CTFFu2HM8KubjtvDYFpmBTuFbLyiCd1MWjPqDsGc3YodmNJrxhGJ9,,true
3J5Kb91fb9E4HGgEi6EkqXAZfgKkdvqD1CN4fujWoYfypSn7ameJUaDmuYG2cEpggPFfjzHiJimRMVqCDm3Fmwig,true,
3bKNYi2mz9DB3Qaj7WmNY9sWkmJUQBkUMh7YP6bcAVZfhZ6YhP6SdgxQ2UyZY3jQJmKKfGDpvZoaAF5Nnb1KTxTt,true,true
5LapSa1fRK143FxP7nuTpkYya2ToSpSy8hbf3VknfJsDryLvvBopgxy8HhmDqApbDezKhrzur5RBf2H8cVVJQLSB,true,true
3aNcAkBwk6B3rpKZoQiK9oFLZ18eRQqqh27aFBF8CyQepZrhAEzeRdZVKGqzUkyZ655YrrEp7QYZQ3XVNEFK5Rwo,true,true
53GPbQYahidDV3BfwFLaAnVju3rPx5kWwV6kLVBaNVk3gUVZ4DtssmExRJ1RpeuxQrT8doaEm5ASQ9HhsrvEtWu4,true,true
4MYb2HoCwGwkHbNL6km3KqmVgmV8rvdzTqedZvcEnz7yA7CXt1tUKfpUKJdMV9218bg6drzaJ5YDtMd5vWFupV5N,true,true
3Mm9uT3sy6hGjf1UU8DgADDhYjidVsewJdYYTHk2kgWjyCx1Jz8gdZhcMs85rptAdTThkNmzU8J3phCQWjEnkGKq,true,true
sS8fYy4PShetg1mfsEsnwRoK5Z2khhUpxymX6ySeKJUutzr2jgoXQwh6knjAcdjkJ7MZVrTn66Fse6z4PEEykhw,true,true
3d66TuNbV8C8xGMCBwx3n6vYWmAN7tsFWtQVWNw7JztxassojYgBKW99xJJeoYQSw2XJH5JDtzcmdQ3MYgMy7MA4,true,true
5g1DxLryoeoAbuTHvwp83F6x9pS5MytiLBjVHZPRT1DU5QmeSfKdTu8WXsREXBTcpZ9QD3vDU58n14LQH1SixatL,true,true
2U5C4fakMGnYezfBBBfD5Lv6rJrWbFMdxtL32qNpCawuzmArP89M1fdpmHA7FXzsggFXJ6nnmHM5adcBVN9nJokU,true,true
3LXZfaLku5jUnxFeCzcWMGHX1BFGZmqcmwmxrz2ST3GB9kSEu4uc96uRgMXaxPeMQSHTPY39Vv8x7yUdUK7PTYsj,true,
2Un9wyb1sG2BF478yPkNxLeyELmUHmjE7aAszAG9Azmio9sT6LBEuWsHXBLeLZxcF2cQyiaCqe71Nfw3uutJEjcw,true,
2GWvUaiuNXw6dB9FCbnijh4kDvmj4KTZv49LuMvZ1Dk4xwPpzdBFr1EA8NPz3Wfr8GEudCrZ4HCK62eqesR8n7SK,true,
5fGqHkGmPpEwdFGLE3pmrJv1F5iR4X87ajafxzFxQhRWw62Dko2uScsqDt7RPYkZgGvTFLMTd7pebJBoRjkPrxuQ,true,
5fzyUmC7xdv1ymPUammrEN5Bh7qpd9QRsKGqpETVPfLF2iBDMcSJyeaquRo9rV6zFWLrLa2rZt2ThjU6PsXygvMx,true,true
5adn7crrJThKL9HUKjBCzxY15NnsYu3LRzE4AsTNPv8xwzevzaFCwxK6MSi8GteBgcFjsPJXFNZSEkvfgqpvt3t4,true,
5tscMaCocn3GHfiNfzwFU6owHF59nfgnQbgWEo83NKSZe71aBPmc4LJoCi6agEqFxmM8uSGY3cQkbErcUiwGCn3L,true,true
J7K7zxEA68JhPsFc81Q5AoZJXsXTJGX7YWNJJpfYEMgm1pahymdeaZPyyV8r3HphNCh4nvFVDA77kWyW26NmCe8,true,true
PPpRAmXz81vNqSuuPCJM6ikxkUXRHM89vUAfRobdrcjKZ187SnjFEiCcagaVPwF6a1okHSremwDum7or7TWKtcM,true,true
2nWG7KjiwSpkxFUsjXZCDvD86uVe7aQBrEPRBxMWgMms3GsKH3HXaPbvtSHTJY5hh5s7CKNmQRSA9KGPprqHaw3D,true,
m8hByVqwMNFg87jdh3KWHCv7Dg5EV5TwB2vMSNcwCihX4Pmj1Va51TTDiyPB6Vj4Dant8tpX8tkXM1tquGYN1VJ,,true
Q8jFJFGhGsWL2G8VHa2zwK8nftzdod1xMx8vHfsMdGQfaDVEtXhhgh61ueLZczmEHjdtm6Nvrr2v2hdog1k4ntx,,true
5iw7d3AKPcYVVDU6L3w4SK6qbGbPcijKC36XcyEa9BTU2nRYBYcfrHK3zz4u4TgZghorxZQtEFfnHXcR5ANyoNqf,true,
mjCZXp7BfvE92ML9Dd9MAqBFcuRz7CgYmBJfxELrokos6y26Pz7xUsWjdqGfGTPCKVue4FTaLL8CxVuYrHo7XUa,true,
524TmHTtwa3i8DJUHTLBKRjCzthBJdcSujB39UQYQaKtjJMvW9cULoHDfGgWuyUTeiYt9fpzHSmnxfNM2A4oEkim,true,
3xve3Jxdi12cyRz5yviQ3TnAyh133GqzTgjztUWtFbYmhbSPqWjGVKSnL6hwHQcWH2z7PgSaffdfEU7uRbeX1nhk,true,true
3tg1tEKvFqMFVaywi8SJU8vS6tyCUonUL3Mw2bXCjcaKnioKgk4Q3in6M8T51zHtpXYmN1XwtN1Jn7nDkzkqpN1P,true,true
3jfCyLMyX6EkQtcBsijLae4HToCcF3LRx2f5BxeZgRsJeBJxDt4HwRDNujLjrQSE54pCwrmWRrvSoHPz8aFYGMVX,true,true
3L8VtfiaPNtnJgN15ifekFVB3wDUG8DiaidgHYeALbsC7oZr8zfFDgTRQqhbwYR5bAAT8zDRzar4TLStPsbVCk8r,true,true
4zPqD7SMUj4rjH2ExXhvvdADy3DSG3FXcw7zHBVTg93mA4ozThvztCg4gjzTA9drev33bQxvSkvfhvanu6a74GdD,true,true
5qZTwAmzYd2zfRh9GoW3Nzrv5BvcWfkTp4Jd6i3tarxR6CKy7gZbjmKmvt5FKzyNzkWMXS1M8Jfya7swi6ADH228,true,true
4bs49vX9kR32GvCRhVitWKdKFN5QVEGKN3CkiFkdtWGMm98gvfydihPj16GpCJpyu9X7tjc2DRgkBdxecPMW2YPs,true,true
2nxzMQBjEEuzZ6uFw6vpEssyeZKawY4U9ZpasjYmj1qge45KV5tKYGViL35G6j2exYn7fBRyyApJRMeaHT32URtR,true,true
VHLNo6bHTTqUa3DGKp856XqsYWZV9d1yJV8hb4ytUCex4H4YMyphDvGrdRPLrt819kRoyLUFNSNoEHKL3RCE4NT,true,true
3vSFq8DXZs7KVZ48FE4daHwER87erts5v6DvXS51osoHoPqgqtjBG3QgMPhiNpSX3cN7R276tRnYeYNGDb4HZRKm,true,true
3hw6PUoPXdPBZMqEnZasjs5zLW1p2kzNTEzAwEpZupVSWLmmq6CQbx4Ct5ZkeapomK9vDC8mYWHrBsVrB2qmcxX6,,true
3TAMdRpKoiQnKBwbRW513cUVvNukf9LEba58XKF9rC3hq83HEw54gfFrg6mTN1CB4AJCo9o6xndegWFKvSVqsS7Q,true,true
54FWvMXapz6ZhBDz47XaRS6S4JKeGgeXVna6ZWkoa7qJcu7rnJ7BsC3okPykTvDx4wQdz8YwLEfo8XGvUQyWQdne,true,true
53Sxp16JCWmazsAM8xP9CmWecwc8b5ujctujWkev7CewsS3jcCwPXsiyc3gSbJjvsK3YQm8iY1CQv7GsYqj9wce6,true,true
5Gu3PSgFiBVKWAyaP3UUWKTaiaH1GQS7j3kkw2U8HVSorguwrBwqCCfFgoryGGDeUgkfVLqXxNvFdTjauBr1sXkX,true,true
iuJoM2fqMtor8bVWkLwEzvg8SdTMhHZCS7PPvSGCKFNLZiSYLZEqCCiHKHfUyTUrkab8meuyKk5LXCabtuvzvEr,true,true
5sXiR9undKocgAf4ZzMm8Fcog6vv7Xz679wUykdBnVdrchZ69MsNHPgEdHYbMQNuZCBkXbpndYekCVb1fg4NFNE7,true,true
WrwCrbeUbk8rHSbcB6VENWWxHL7U2Lt1V1vCzwQhmzDFyBs4oQbkftTDSGTsHgpEnmgoLkvsbZYCWFdfnT3J42T,true,
4pBxvjZ6cYe4RfLq1AcSws4AmmdxKKVd8T2s4KBh4AFsxxq8YaxQA4SyGCYht1ZdVS41R6TfCQ51g5SmXrNaeetA,true,
3Zqqavfr5hbZcaQsqiyMRjqmKoKrY6n7k5iDWdwHhXVe8GYquvykxEmMW3pDGTu788Y22TbDDgA7cQ9DujAmrZgb,true,
MpxQdgihV2heakPkFFFvnEwD3ngjmwJTzeCfadZja5HV8crGtqjMk6TqCyz6qKawHDHcwoPBBozUXbYAWUrQRdv,true,true
fDWxVYCsApy78t4cyJa4RVPNEPcms7hQpjUnv8JkdNuJKRRBaPNvgNtT8fFdVfZRQYooPbGxMJwkH6KmYHUJqYf,true,true
2N29sGVGhj6kmnrz6b4fzAwB5EAdTBHkeZQQA2zurUnPem38yfT1AsZt8SS73Mqz4fvkitf9rE87mPYVjHBP5wmr,,true
572Dh5g1ianNCFvha7nfY6m4qqZgSkGTPByKjpm7irccHmBJb9xWAXQVdPFej9Y5aRsrhKU1aUPCtpg7WGemtoLn,true,true
2QnwLzmDbYowKCtnzyEj3vweYqSTpNzgnHaNaZYMaZWQWziTNTnnJWTMyit1ymP3hzZgtDjCPmfSzcHQR6boRGHq,true,true
56NSWZ9D6jo3zXf8qrdEoHJExPHitSRjroZxBjWy33dPonHZvMPEefB5eXu9s89gtLxJmyhi4Pv6hQpcQZQZXthz,true,true
2LzFDkFEyF1L3cQLDUTRDZjSSbppxbGxjEVH1n33ws2DhngJjrqBGkN3xEbtieURT98cx2e2M4J7VeidPevvpwBh,true,true
cMW5eK2PDAiXWp88LSHpPDmLa1ZgYmSF9TyQu2YVEzii3J9etnhJwW3J1xeAgwY4tpz8US7Vn2FFZ9ceoErALHX,true,true
2GQZrzWVpDeDKezby7RUN8Msz1pqNQyRR1jfUScpLsdx2umfGSskKwdMQmCdj9hVwaSnKYrFCLRBd32oqxRFCPf2,true,true
3PsSy21ZVFSq2PREcpJvqdDuxSawSz49PFYcTYDZGdaiioXMgkjxsFhHVnhjkLrxFewXjLd1EzqDPzQ3sRocKezb,true,true
3mSvdN6X2hvry5f41u1Rmtz8Y57cb1dA7DKrLamJ3h8nrwBur52CCdH9aDnUJouFJUxGwZprfrart5tjVCJ14isN,true,true
safAQwjZi7reg2TcBADyZiHTetni94FbDvdELbMD76amCbbfTShp3hpGeivEmHfwWWnAJHb36xa4EBm8airuAdB,true,
4YRqsTQtSLcbR6mvvZwYCbVPFWBWUQjj7xuQZ2eGpwrYzz2fUW8KTpDdWymn8Z41s7etyiEubdmiE5Q6L4iMkQ5L,true,true
4VGFH6uhneybcXEcAPpR5nYkQYMXo3a6enzt1Zcz2ERdsa7f4uGRhABCJ14aEZxkXDhZF82RQcpkr52trcimiWuY,true,
3Eh36AAUCSyXR1TJAFkLkWEG1XnJ5Vd1kmPVh6b4xuVwZ8Di6yTpCFS5bDKoP2uxrq1V3y52q6SvU1CxLeXbto9a,true,true
5u6n6GCsUd6cxZL2WZtTvG5FZA32aJJKD72kWRkpDTcGTwJMCSDJ5zntSyimhMds7pEAyuNMFa9PhbVW5bvUk2NS,true,true
rtpxbFrotMYvhLiNQYpmqyGeGjkYxTwU4MBs5eX9Xq55PHwKddeCia57wkieNcXLn7i4ptkdxzCk8Dccen3Kk1h,true,true
2M1mRe3JyFdXvxeyH6vxoMV7LZk2GEdHdcza3zWwkqd4HjRmsBcKrnZkcoxm1YvLqe2uULWtKAi9wdDEYiNCtQUb,true,true
4X8yS5YudXamBJakPjQAXWGbVZcx5eZEQ4YRbLKVpnwV1CWca9x6EUueLNaxxUCHWYRc2x446YeepeVZY4G3Qyu2,true,
qDSX7X1PcewEjmJGYqphXr3sgR6jvrmUqmXHSozppEguCUS5bHdTRciEQKNwndacndNdtK6GTupfdhUonM9Fu6X,true,
2Uz6WJ5WC6astYUd6N3KhisT43WjEzPcDRMcBMdsw78gkUvDWKFDyfKhhukmRADMSXeWNTpkpYoUGXL53EpFurGX,true,
5D5Bz3tkRa8qXY5rK6nTQef3KF4bjY19VEVNUTrBabrMauPmcHTpGY9K4E9bc4fWYpETaPZXoZ3TE7tnGW1ZSbML,,true
mpgfCAL6c7pfakUqjYnSvpp6MCcukQikoxjDtrsWCDuauHFVxvVabw3mYoGx4xetBU2H9bzgS4VHRk3VDCYUoeZ,true,true
GJhr6BsPzRFTGzRVNE5LZrkR6izqDjXjhisx9pyyuEzZt5xRbXGVF4CEsVURDzZmqunKHoZ7KRd1JcptFcNYbvy,true,true
ddcUYXHUrZzEVYefdEL8qcT7DMaV7CnahQbXwLXxQbk7z6gs3ZStuthD7hS1KL4KSmAW2JTv5hgkWgfxuiknZWa,true,true
58cGb6ubGziWp9r76WaA8Jg4zRR6TNcg3EUzsLxCF3qFF23wTxJsCFejeQmMvPQvRucP7jdZDB5PpLy8W1NSyUFR,true,
5xKRR46qSdb6cUf4gbXMpbUrxgxbwnAnMxFHgXaSHkSAWVwBtRKqCsZWY3N5ZQMLGTdivQJ6oPLeN7yH94W25QrZ,true,true
2KJSw9ysRzochJjXu24cu8XLyV7rz8r2UHemmaysPKgNWjHThsDE47Px8WriLhkCcC1ioT4g4iHPioBjwNG5zu9T,true,true
dmc6ExWG16skUgKxqF5jSRhJ96vpPH5GoLPS5YzHDBisWwVJYG2dJgVPbjoAi9otDfqqn4LJRg7t24P9AdC1XQg,true,true
3PzQNubijt5BD1UN5UvY9HjESdj3ugnmmvF4UrAvEsuZNkeLmeKtiAieq2WadSfLwAERokkkxdVi8c5XJsAvMGNK,true,true
2mYH5oxmDRSYMP6shRbGzKjGHbDu33xWd6HybMBjsxjPF7iszNhjdTsgT8Bs4ozjaFy52SZCU6U72dSPkPxBMQ8R,true,true
421Vg69w2uagBtTG5MPbc5ejR4anXHLKfj96G1gHnoK85LZLZ3ztBFJeYG2XB3Dbo9bKztZLkrzLAEHSUB372Vi4,true,true
4cC73JrKTmm86Cqs4ue3LYDoFBmFjmaic3hKkaG8uokJM5Jco6v1wYiYNdSuuXnsoPVe2uNjU5zSoUP6xN6cXgtz,true,true
2CCk7MBKHYsnAAUL3ZsPTdM2yphNs9FH46XPxzhaT2jPgU9EH6CyS5dFsiqpWcVf3wapAnXtD9WTammyfxwbgfcF,true,true
5h2NyNJmNPKxnr6ALvvTjNHiwoiDJwYvnQbzXFKEcSZcmLLJbHheTaCcfXDkaVU7Xc6qyPqWW6iPnaCANiybY1BJ,true,true
2cQb28gM1Z1muRcJNie2kgUNpau85izJMH7D7ZHY8vwFExn6opdF5NQPJ2G8YkBax7bJanZkVkn86jRmGgH5tKv9,true,true
2kdNVAQak1bxHphzdmLcPytBoKQ8bcujR6rUdUWMDcj6uHA3B9ep5sxnMyPRegGiyhs4xSrhyqdGwQxzuLjgYnQx,true,
2NsMPxJUtP1eQ1D7Bf3ciwhgvfvjMC2YgZRUtmgF5dLCCmZq67i6b7wXC6e2zBYg9Bj1XgNZ64ivotWgwuWJXqG2,true,true
3bHno1oEBcuSWA35YW8m4uYNHB4wLWvcQHUH59yM6FRXt5WLWW1wWDZiH7ndy37u5vYGnM3Dur7h2L9VedFVDWh1,true,
5njtzzJWgVQsqKSoG3DPfpZLL3ZQxThLNYRB7bz7oS9iMDom4ed1L3Kc2PZvhw6iwHzH5nYYobDTVJmVgK1PYaF1,true,
54RYWjNcsk1otrFUCjzLeuNgM7aQxWPtPt2vn8gmrpNP3w4FA9RrFDm8szyGJ18z5eEQtAe2tchrMCSGu1FtNkHh,true,
2fk1wuy6Up8eazJ2HCn7JZph8snv2bmqbqT5eKZtktC4rCVPaUaU7j42AbFGCQd6QwZw8PYEEzNpusgxKxmW1Xjx,true,true
1XAMkeynFrXEywtdCkHJFsyEQQ8Fk7EKGbjHBYgQ82Zd17x6YHc7frF2nQMsRKBw7JYhjNKFFHEP62Kp8ZgKAUY,true,true
36wRs1sE6yhSHJMvfMcvQMbRf8SfmnS5xRueZg7inCkC74FeTe6zjU4QtDa7GwwkxVuq3a5YD5NB7FFyyvFyutvx,true,true
5LZ9gMmmTetirb8irMRgQxKXxNjDhZWLJbp5nubZfxrG1UNtwFAAbHXqoseM5S4ytJvmFbJX9eGvLvLKYXcLsfSc,true,true
3m3JuUWNj2abGgN6gPZoHxs8x8J7DkcKae5p7cYFogsJytzj6grc6672uQxidCz5Cn1sv3LN9TxRqandkySETEmx,true,true
5ts1HSASK3aSdHUPC5G9VmA1ksUoumqjTbKjbDAdLDZ9NzPm8xbMVrc7M3UfRbTuQaU8p6yrSux5csPT97hS8giT,true,true
5bZL6nUjqE1TPPEnLdaP3rKc1dA4GFn3pXoRo5w74eTUwnduKA7UXeA8r13TGSpxr56qu8WsysUDWn9xsCMT1qiW,true,true
3TByhaEK9KqrTkVUbjTo4jamhodZ4ZDv5xqBFsNjDQjEoVhCKnGdGx2adG7FgbMiD6fzggATztFLbYd8EFzCkvM3,true,true
4kF6pJ3hmR253zsGjp1FF99MRjiKqNA8ux97BXoHEMQ9jwnvcXPaJWUeKcWRvM1fGjT9eAaN5ifqaaHJXb9PJRAM,true,true
CQX7phKdfEoQQkR9F5DCMNWHGKu7ruCqHRddkfiSmXvH7Qae55jC69hqSukjrJizNAbizkdREkHkELrAp7qnFgm,true,true
54PwRzQTV1U7NN8Mf7i6MUoQdveY2Ybv6NNxLzCuXcBX51CULYAq1DokFwS8mkvWagdjkhvykZfjZvJerVx1fq3B,true,true
c3rgztbeNBaZPTMoFFZJqcuv1ozHwjjWQbKdy4dkri5n5BrmAp8AMe3EW9Ko5Gw4SrDExpnHP6PGMbsp9BF5j9H,true,true
42hz4p5trbb9k7Tk7zZD8UuVvZJ2MSutBaWUw7imKDBUHrzU3UyqYniJ21iCVwXYoKYxo6dG76dBzyxR1N3XusBv,true,true
3aSZKHpo2swh7bbCatodzxmPUjhqWC1svmfQ2q37LYdqStWJzVdaj7ic6cazAnzoNb9syrRxAp2pbArAj1bSN9u8,,true
tSoaBgRAAcMfYUsjz19qvZjSNFkzGoGuF7yq3hyZEv29XgnWuNSe4sY6HSwMzZNDBKbntWar8vCRXSRP63dQHVM,true,true
AwXyfvYCmroBhrVv3oSJaafhTZKC9aWwq6qs9zZohkKNPC7b74gmobqz9KMFwMruWY6bTp5scmRMV75Uzw5iUmS,true,true
21UgQW3nrimZMYBpAGbhUzo34UjNLs2NiEyg7AiSd5T3AuKvkr3ApBbbngRiRDJFDmo8umtPdsSZDvPGFCPXBvH7,true,true
4mQZT77wMDrD9Kmo9BEZKBxja85649ckY8u5wZfGVVxJNDuVpquCvoJVsBd2KZKvgvwEfA9edFWoxaD8dWLSxXGX,true,true
4kTxc1cWambsSmNj25wc6Pszhtwc7Aj3wMus1DJC2fuAYJPsRbTMagdTMULo8LsV5G4euSyrm93oFGff8XCTYvdL,true,true
4cz1NkdfNcMwvGm6VeTewqmAgD1Pokh9hqhEeyNkvun2buspah25ndDEiqhcBUx1XATX87vkq8wEfVLtJ4Hjb5dW,true,true
2mfeh3nAcFFipXs5x9vzpR6isvMK8G9iVSXWqvoKiNjEV6YQcJ8snLeEdsvnvB14fkXKyGujZ9NbrLkA5XufqSxt,true,true
2j8CmbcfiztCV3isqMs4eMkwgCJZvcVuhkw2kbTBs6EE31t3835LQLAuqH9FLi4hzebk2oeNB1za8XeLcD45k1Cs,true,true
A36HTap12RzsUzTJZ8iDttGkQyTPmDZtkLkroTaEEJg26J91heyQ5Svznxt5xckUYrfvhUitjEwi3x1DVsBsvqA,true,true
EnViZhTY3HfaYutKgGzsEhKDyKxvu5qUtRCCao9J6Ua2hjr1dXk1pJgUpdMU7S9ni4xyB2qS3hERREhEuPRu9qn,true,
4Sx3NmGEhWyxJ2zJikPAaeWLEyepa7TGinTwm6q7DdFteWGHRQvJZkKDzvF1gjV1DoQ4fRp1iu2nXA85JvDDUFSf,true,
44FZULNPnRtb17migRS9RqhQxvcdukdNutRD618jXhqLN5yHhicQpuxskLpv1xDnuGMWnzpBKeyqRduZwPtNBHVq,true,true
GHkZjyYk6WaJ7kiCc4tzDKpMN3uxV7ccNJvGWWxLDL2UUFz9ZNVeiQV7v3zzt21ceZP9ZhyEp1jpuvVr9rrjTah,true,true
2kYAx6eLAQEAQ2Xk2vmu3Hdm6hVWMj812tMBFkFUG3MxoTeuAzpbqqeyP5JjzncoZ6z2BUZVtkQSd1RvHb67fof8,true,true
5LU4Nq5qa9ZdYNaHJPrR2bT4pQtwCaxgv6t9mCFHe878FzM27xgJtVapTZZhBH4MyTy2qEiRDdrSmwPRMD45pvhJ,true,
3r8mDPhqB4rrPzyzrhsUxUCysMmNR2P7ZMRygHF9ytkKGPhV2iqGhy6D4RxqPQisvEPK41osWuJDPpehqDMFNthj,true,
345UqTKGBHyxB5EpEMRCJSMRkgeAMEKNFr1DjRACPPDkdt7sqUwQC6DTPJkVgB5t9pypoAjxqU4Vp3WKQ7Y5MKpL,true,
2md4thbNF74n4mKoDgvcGKWHo7GQJDQTNsv4S6LZFXWpED9K7AKoWyJGDzn8VfsgRhCdWPNDcwi226oiF8yRPGPz,true,true
ZikgYDDYZSFo2hhJ3gsu9mKTrsqLCpcAt1KUqxKBXsxAnSEKQqjjSgvTUDS1pEZqkVWK3owTLBoQfWi9AZrojGz,,true
2aMR9T8QXLBqJW4jQC9WdLW3jo2XrTic1LE7sf7apfB1MGarGrvSDC2WdavYTkVrYuUdCX6LK9bnjNW7ddmCFBFL,true,true
ymzkBhPvqAq8Rnsk5cRF4VKrgJecbfYUBXNEbjCp5GfB8XJoLJ7mF5AFLdtzjGand5QWebSxM8AD8KtQ8PC2jrh,true,true
2WQp6xSrfLb8TNdPo1YJk7YAeDxcNANsyt5gd2pDVqhEUv2ehi6cCHfQDeQYmN9UojafyVfRo73wGZnfzj3f4Xfb,true,true
5AP3rGEPEcWXXpA5RQ4AhEJz4sPbHhZhCRtC6LrJXouJ3MhXtpL9uXQJtP2sbEQkqWt4xGiDEkzPaw5WfKiGDxV1,true,true
42wg9mDN2H63i55n8RCKhUSMk2EmCNSpMJMcq95REfBdCs16whnqWjnAVy2WhRuhugNFmxBSuF7ioXPurycmf296,true,true
4BEfqiSrxK8Vmv3Wf7PqTMuAqrqqBHR7iVGZgM6weZRReLw3Bsciuvam5cTzsu5ELdXU4QoWAeL4zRzK1pAPE7Qt,true,
4hb8MZWj3cYiA4iJi9GbmTroEQRtBgsyjczamrjjpjFidacASkbL5azLrAwsmcbtJAMqRfCSCdw6C9PM1G6tXZDN,true,true
3xX7BNG2bfDqHQU2MBp5PQ3Aoa17mQLFq5eRwXJRfkrsDaNHhv5mGDk67RDY2YVXfvoJJnAXDQqxsCKgqoDaUyJD,true,true
sU6Z3qMLricY8TNeUvwFpNyiJ2pmK8pB4avwxeA4ugMiNYejmtTfQNiscgrUSQCMkfr6yw8rCmM4hqZSC13aSzB,true,true
rR5h5AU8Nd6vHBHTK81gbNwLz9R2HM7jXw446n4raHiLoj4Pw92TCVu3dnZTTvMDy6JwKRYTpssse8cFnSh6aYp,true,true
26eFwiz88Cr1sZpKWLZRtC4hdgsJxeSqXLgBxgEZSo2KbtYrTGFn2BmUnQvNd2qNao9MkrNAg3nHbTRZYrmazThX,,true
3Mg4eP8e5zBYnrqBTAiKXZzkuqXkjMAm8wXzaUx2S7Sepab1NSDKtqH3vzSXFrdAmDgA732S8r3GDqxhZeD8jXqp,true,
34qA3qGMvjQm2Vbe2TNHwKWuSVoHGQKSieSnt1GPSwqxBMGnZUCUWwHjycDeZchKTyqDfyxN8Jev6HseD2wYUDhX,true,
5gB3fKyc9nY4pCVVhKTqDTpxM3ib57W2UU7f9kbyz6Vv26HjDf24AbwnkK7mL12LWJ3AfPkfCyKEWbGirVMJvxuo,true,
451e4SpFACL3N4NcjgVuR6kcKZ3viDSgXvV1VByyKkoGB72sbKNBJv8SAGS6AWwDvbnTKU1xK73AmmwAMLYy2Msa,true,
3k579vz4nvzqMyL7Wj8sFRbUs9kq9jZQsfQHBZfgzDRbZbvftPdcrKJvXvVnsNk3QxbYABHGpaBkNA62SQzbCdAs,true,
48MVsf1FzG1xUNFhwvj8y7scg9a8chgVacXb63sAyoq5oQf2iQdvFhrQXv6EkRd1GQGdzH6irXNDXwPvbo2jw8kR,true,true
sUJZCsfnHFF5r2CN2Sy5vTG5SnH2wkTxLggfyWyym9oimYUZvqnzpqWJbSWS4yz7ymum6w5JKMhTsgYmrszesUC,,true
3SRW3xPRhSvkFGAeGqbNBt9XwBVi8wXrdxjNYpc1bPUfNd4DYoMgXb3BRFipeQTvu9vKYTf8RSe4SXnkDH3tZWj1,true,true
5qaiDoCD9N5qZmc6x5boo2VGUX4YfgPagL9sNHBMUwF1dFzoiSEjfpca2Va1GUEvwMj2dW4br74y7HdowprevkTR,true,true
2ygPSqFSvfLH5X4nJUqRuF3yKNixqtEfEDzZa7cfw6TMU77GFB1iED6hDJerhEwfWkyqiueQs5ybERyTXeAcwyX,true,true
28JJjqA6QUq452bca4Zuh4JT3XYdpKXH9yuVfvnp4f2bofqEbDs1U2xqYVGJY4mcwALgJD7woTce2uopicUBEEG9,,true
5VVt58N7U5duAEh7xSrv7csDU7MNTgnYZpDViDodvs77E3ioy3KT78QWmZAiDPH38HTWHkCeau2L1hvm5BMYAxNu,true,
5J4Nht7pgXYipsKA8X7ftXHnJFW4oJgK4zFM6YqjSnGsN56ZpzNw4Varx812ZtcLbmGSTK2Mdhn4Z88UJsQR7mJo,true,true
4ASPDpptfLetT2FzX2UTz6fHEZ6nrT7dcBjUjAf8s43TpyqY9E6J4uDQY7iobsGyYcwKThm3WmUNNoDqwWt8Lbfa,true,true
5hyMd56PgyUt5quuE3dzhJgo4JtMrLXJhA5TNTwpcxhs5h75M5Gc6wrf9GuBBckCP5ji7FiEudwZmCXyDCmNwErX,true,
22payXjBYoqtXcVE2DJ1j3Cgvi2RkuhW7tfsYtFBAdoaRbRUGs8uGtyaSbq7vxjhUnb3zMMcysGxPNUfFbovmNje,true,
5KsQcMRJ8JevyEZjNyjYYCXF6CSC4BC6X43pX6x2xk15EbyEdWFj9F2Y83Q5Etj9Bwvz7HiSEPDKxLGobinJcMnZ,true,
566auBRcEs7puFG4pDVZvizDS3UJvrroi7eVJbgso5K7mwkQ3Dr3EjepU52jqKkPeokKraCfuQndVGLpbmPB3cBb,,true
3ozqvuShVVqptrWJm28JuHEqdzHq9bgoLvWbLhEDunqp9heaL4BGzQDTC3wcMRwSPSykCnDrogAxokcjfA2zSzp3,true,true
4rwPKC6VUbyJH4XJBpP3S3mY8tjwHPqoUFac2WyyNRDQVHrdLCPtuvvLyCpLPV9EcKa317tnb3iTubWkQw4nKEMo,true,
36ZPgL65iDGX1Ttsw4j7XTssWEhQv4GQewdnQQatLHnTYRH4KTPCfEn7q1YSk2FX7yXM6jLr65KacaPAj4iV85hx,true,
5yGdWVcNf33Fu87si2rDRRW4oFR32kcYwXJkJXiWGBX1JPBTfh57Rb3thHfaC1JCf8QjSk51XiUx1XbBwrSoWiNu,true,true
3YbahLGcJy44AfdfAsiqxpvk2ibQ6TYWrxNCG3NxSn24yVPqg5sUxcb4a1qPQKhv8N1CmqmdsMAStjA43J5km569,,true
4SHGri8LXwiRDYdrZ4qbnJsqDmkh74ox8pB8ZYLfEEm4pE3FYfHmZyL1yaNsVzBSxrQgY1td5qGjAATPvTdXSmVw,true,true
gnAD2Qyb32zSUBxMCgQpvzeTqN3AffNbkbchPvkaRJvePNfGtwcEQsgw1Tg8FjZp2iVCCPTxfDk9cjPcgFnJLg7,true,true
2jimAqgtA2esnCPuGhohntZr9t2xWVcJhfwjvQLKDSmfBD9ix94PHDdQCbnhKy55P1K7VdU7WuyVqgdy3q9JmUB9,true,true
4iXooUL4znGfuJjEEWNFPxQKPJxtVxAUjR1iK3YpXW5wG4n9ju8bg62fgA7Es9b52EN8vK9YoGijXcJaQB26Kxoc,true,true
3sfLUj22ivWcgK7bcDKFKGDHBuNhYJ82nqm38BEdg22P4y7fk56VYzcBVBAm5zxz2DN8w22zagtUWqxysxwv1GvW,true,true
5DriXpLbpwtg1DBQvsXvW8UJvzadkqnuVKYjLKjyiWDurc8e92Q8BQccweURXDHDNE7v83YbrKwX8LbRHfFYHdB7,true,true
5Y4wYmiz1P15xMZS8VDTnQSj35Bpi2cEQq1CL6J2hWq9qDWMMLMxzoyTVrrc5eYNrtUz433YRbddQy3skjiPVZF2,true,
5Zv7hcq5zmqHssgqJxuLBQQrYX8xKzDhkdqAzZhsXqiuHf39sj8VVZGykjWyFiizmg8dqjtoHsFbig6SbMa5eJqP,,true
F53tiKoAuSbnMUZyzATNio1izdZ8bxda2tGGxos65QrPZRaQRChH2nbvMvdvjMt6xVyfD2VoYvgXfQsrZ74BQbQ,true,true
tMPiNtGGHPb9KxkCMcdwWaUtoGge6iPi4sQ4qc76bBCDgkzEYSiefPfrXmS6sMvbegDj44i1yQWXTE9rCNTAU8w,true,true
cQhwysSMmgeACHb4qrLTE78Qc2GXM33eL2KLqE8tnaC3JFAfyAJemoNfbxSqp35mtWpBZoyybbTDSjdpn2wVbr5,true,true
3T5mGEhVyfBQbp4xsYqJZymoZBA2YCta6JK4Acnd93yN1ARR6BKZCZb6ojuTHvcTZJVVwvyEkQZ66NEadiHYV2dh,true,true
zivFp9QYb2D29FX6SRaB5rtrPUXjserUbdR6FM1fjz3MkDBLQWoVmeek88KenDxaMZPXE93WRWALnGLSqtXe7KM,true,true
5o9DMAHZAZdJEn9TX34pSFhzdkpjdezVM3vHpA1SENBsTUKvX8gU7YTfoj7CB8SKZLzQeTTDWG2vgFgotX4e9wuv,true,
4MWyYtGtcrUtCBVPSKjTgKdCm3AbC1tXbqez3cayFEyCL3JMbiEDRNikqpNHo6Cc5ypEqdTEqHN24NuNo77aSUcK,true,
66hwuTHQS2wSGABo74NabskkLgWAKqdogDppU4XFvfaroM9T7oQofpCfZy9QLhnnwSV7QZ2FSVg4jzwQA7yNKfGn,true,true
2xnia4MthTyg69Fzm86cKw6ReSqxxaqvaYQswTeySgq1FfdT4sqT4XG1YYEAVcxNVm95G9eMPTR276bH8U73a4Fp,true,true
3cQoxKkksrMBCdUjR7VPeGyv1Hac1gvCG28uz672oC1uQyQmmpaQavwXwsRV3VdWHz4agkLayjHWAXGe7LDry2pu,true,
5bcvANjfbFx635juXq4M6y7ZybD3SvwVoW6iP95nnmGMBewSpqcPEGW92SyR8XVnSxPAW7ewWU8WkNU9By1GfKai,,true
5HnwpWcvxTAVMX71ajtFCjuyf7vZDbojfYmp4VoKkaCZUkEXAoHp9JkwHX5vnBf3ZcSSG1JLbRWtKkDBdYoWBFn1,true,
2KCC3BUC5ExNmYiC5fzziT1L5kcjHg1drxwLvG6cusBfr779tDnmpSbspsvwiNhbBktoNxjppDtA5yEWEGxF5QtQ,true,
niZQVuxZo8rpugbTpCYZeGY9fYQX2Q2tRq8favVAqmkBvyRWRmUzXn9oMf8G4zr538aePUqS6SSEHGcwgFgaG4f,true,true
2w3TXQmvgzn4uTQkXsxVTZJFWYq2iu8WFBjU5M8oQfoJUrzD4nHXwZ1hNSsvKHWDdKUvSgZ3b543Vx4KZuAcWHG6,true,
2xvk3G8dbUm3d3FHTnNcZ1Y7ULKUHJyNt4D2Q2pKrcttzNdvCMicB2rUqEqUmJWw7qTu2Wa7xQ2FwCqLv2JwHNuE,true,true
2qwryLNMN6Hfs32nDZ81vJBd1vTKAGdEtJK1zEoCoX8mcHS8HzLcRAQVa8VCFZqVPzL6XW1wVhQrd2vabNcQuP6e,true,true
5kWWcW3Ajt6TaJmamfbiaVq4u3U45aSuFExWk349fMRMYJg9QVAgpbf7aaHiUjjceBZ7NoontsqjayWdgCvRJjxe,true,true
fWRe348EUhiWtA4ovAPmDfMVdt4Zi8LpqSQTG3ZfiwUpw17HYg4uJB9U9V43mBrqLWmYFNyFMb7jUqn2adgEd2B,true,true
VjsW9dsZyXvwiWmV37X9SAq9wtMZ6GwLUMbAC2399CJSKf19LDBkRBF9P5qTf5vYNwTXDe4MNjyGrbB3FvaHKs2,true,true
277qUyEYf8ktXJTogWDWMJLWSFtVNSHFVcwTnxyMoUfcXK7nJ9Hu2q1MLFNQjML1w4N4QV2Dega6v9b7nqneqTJT,true,
4M4ksmWQxfRsvdcCB7KwotJwsWBJVQXcCS2YEKWVq9fPFXzUpsmeF9UCxKaJR5AYVRASvXvTemGXZnEKw4Bn6ppr,true,true
4j9kk3S5zoyzyLuwiGFHw9BxX77ZKACM35G5xPHdHA8Pwdsn85Cr1ufX4EApzJ1BmLxsvC8jwtVBtAR7XQhy3Qn7,true,true
2mgbXjVKe9VCDB2hNQdL9iAZR5xce6phhJeYkw9hs5HhtwYUN9VPaLk7csiNGT7upBaGL5LUPPtqPAfQaKQkFrT8,true,true
3KQfHXoSwGf33xHzgMGZac4hRUXhgLxptTEYDp2iefRXUTqSFx7uvPQw1tmxbiZZ1pzdBGb7UUo49fqzBEAZ67eY,true,true
2LMc3HqQhDDPqwmayqHthY6UzYfqjAizDagbjGdzuMhGh9oLTGmBSuiYuWPUcQR2wGtV4dF8RbzMTgc4myuiQion,true,true
nUVWMG2jtnrS8bYfcsBeSUPgTyyjNWpVqQHS4oJQnrjuDMaj2UQq7G1XQgVPnVYF4CPVmnhox9TEw94BQXoVXY4,true,true
dHsFXBwmqzj5zyvibgDrfoDpiv4WZxQxXZQ2KWoCn9bDVPS7BUV8FLQS95hF7pntCWrwFBsnseR2XoGUcTefX5n,true,true
3x7dzvDtDe3HGh6gyTNo3pDcAQcyYQNG1yyLZsMXW3kNiSKo1qxgwyhx7t4JMcJ6dSVGjqyd8vvrZWy5r8pSNjWP,true,
5qHKhmQFZRF88WTUjvHYobqy98PgELCMUGCp4BAknpK333bPDxC1UeD9TFAKbj7TEtKVicTe2EP5YwAZ3ZEnf9cV,true,
2GpmNmKVBZoHbGdLWSPjLsdUdDX6MvecqaymzXEAi56RCpnXfHFTi1ReYoeGLs1oCyMEYk86arFY64usLBVgSTVx,true,true
56nCCcSMjALH14p3jGbykkgoNDNkWWxwtKv5t8q648MQqwnYnFx6N2uiJ75sdxQ7LvXJ8p6ixHKy7dVnUCAMH5NN,true,true
3p8G3RZMJaxgZCP4jAgpUazmPb3FFiKRNQaLiQTtTatnKfwVqgbYvnnqvszTAbSXKndAUXVLdhtJCuFe5D5bwBVv,true,true
2Fh6TbA4TJXVMAHACYED1uu9qf2xRuRvE6uzNKoRTVieTR9dnRZAkDT7LvHgCFLhbg7Kt4UotdbbknhettgvgJf5,,true
5dggHpTXL21AaJbMDvVpyZC4axgTmhbe5d1GYsvkn7oyUmVHvT3TvUMAMejNCS8SyPLphWK3wZft5zT8KoFTZAke,true,true
9pQQBfgGB3reXEKhRFAKjGWy5z5PH9en7h7uMsbtTG7TZCGCxrevBqeeyNZzSgKFAbE73CNLJNtAbnw59WyseiN,true,true
pFryccFFcVrCvepR6VKVpLpGJkcAxCSuSGNsRphDhySoTRCkJLUpLdk1sjDvTsp9TouwwASAhvNucjuwbxuJPvb,true,
5Q3NbuDan1aXrSWcs9WogmL86TxnnGddFZphiZLBf4BmpYbQXPtZkXcxZL52wGfELuzinM85wY54xbtzL6nFdnBB,true,
pSBotR3NRcejgxJ3dxufy8gDPy1gCWHkjcmhm828AZrhZswucooSN7qikJr4eDebw24nQgFgbJNbxrMLu1HptXx,true,
5oEJG7hUNm2VmPSMd4T5EvbPB6L8TLNX9VxAGEP9mGS3P48PfNNPVAJ71eMgaEnkx5ixyZNJ17B9Q4zsHCdejcuw,true,
sKnAYGGucPg23ViR6uiXe3GxETaDtmWUiG5KHbXC5BXCrqVYq8zEqpzEH3zdogU98rMkMSuxLWXCJkWQENnC7yM,true,
ivaE6jLof41mKQhBUeedw9CiQoaWz4RPsNeDqq6JF1JyPoG3rRo3W4ynqmze2EA8f9tm7moZffwEN5RGrtPCEsk,true,true
3temgb1u5jsZ7Fe6D2NdNDWCHVdjuh9RRE34UD4YJEvfRuhc6MGq5XSbZpZrMWwaAAoevTRzjnqs2b8y5uRK9JZ1,true,true
4WYpe5Ha4LUzjiTSRWiHToyzn5aGLkVaehkHgn5xvNyXMd5EheMQCnUtyJ7AJojLPGh8oMvfxX5ZzLEQAjKCXxMc,true,true
5Dt8VRsgVhEHiKJLk53Qn36hHCP5VySoELeFxHr5LGysFxzDkespBwkDPMqgBkLnvbzfoaE17NfYXXnfkkGc96nP,true,true
4T5vEE4YAhyCwAVXsZ6vsApAchyYnf29pUgxTbymT66Pm5vLV6LsXojD8352hKwjhoGG45P6RZgZFKVJ6wFpgqVd,true,true
5yu2S7WfBzi7aP9mRQ6iJU2k2LoyTzWCbUhpfdaX6qnHAKZjVQau7AsWU5fNRUgxPmikQfS988bTNupgGLiNKtJ2,true,true
3rEAzFumCrtmWZFTFiGA8azNJp3ESxDLCYFxMHCMqqGDweF5oTGsYk64vnYtgDTqi7GCbZ8sGbC9U48gSG8huDmR,true,true
23V7ZjkHHkJ5QiNDcigum1up5iGaTHyUGSDWgqEuKCRP9pnhPGCYUzPSPXnyU9MVyDukWUCoQh7rcNWdaS7tKqu2,true,true
62voKK7mTr2MCK4QbJoHZkEENxBriXn7NbiGWWMuhGNekSpVVquDEWVumvDAcXQZgFy2quuMUX864LYUHDZBEkBC,true,true
JUYFj4LAWaHj3kAy2roNA5uf2FMzs1hm79XywxkYA3qJLvoW7poHJwc1sSHZo6jcuayDLfh3pYuRfAUrw1X924V,true,true
2eDvJ3yiskoVkPwRAmEBuDkvrLvEeAo5JzLVnWJQ5JgiQtyyUAAZt225aJ33gTBEswTYXJg6idggdw6hm3moqSmn,true,
65NdSyMfYb4RiRU6Zq8rLK95jjCKPbmxtY8WYHLH4f7x67dTTz28v8GGQZWPkhq41cz7Pisif2gyCTaKn5PpZVJB,true,
NLYcAGVAkxNbQxozkQVx2G3ErNqqa6ey7c7KpsLYrbKdnqnPG2BpKvZaNNDiL8MroXzJ9rcb42qQBbE1Bj33AW6,true,
5YKY3J8KDVnsMGu1k3eK3sKCWGgk3f3P2VQqN46fCphRm8YMsahT4CMzgPdo6SEivHGaV3KU9czAtHNTZRZiAe2,true,
53h2ovfLbx1ytfYtU3wLeSBtj4HBXWUrzeV1wcJxirdgVbGok6CK7iJwUD7UZakejgY6F169xEVgH2pUBYXa52HL,true,
9H1ovLrb1xBkniSpHmrA6SUH2cLCSiNRtN6AVQKTw27XeeDong6asmQviwuLMxgjPvXg5DjmdiY7i76u3aepfbr,true,
3XzyGNVFBrZrWodtYz8NKVSCUpPsJyhsEXw8wiJE3zqRLyrteAcFEMHauoBmGFsn1NKUwJ4gUttvr4TU44eS6jnu,true,true
u8psB3BR3cbTn4EdMeSF6WnrddoW8Fe5Xw4jXGc2vUFbvsg8BwGTrzivcEtNbJhgo6a6QMuDqx2ZbyM2wXMWyRx,true,true
4P6jQcoZ6cV1ZsSz9H43K15HEMvLgSVhPhXFBbGpvBpkAX4PsUXybbA4sfobtEBBYULuptLqiirzhHnN1B76Kque,true,true
6yu5RdubAPo2nQ4oiLw9NAgQomAdtzoQdknNRVrrd4LcYkU2iXbq9JvNqhoZB2AdSqLaNJmk1sppCzSGpNxGaUY,true,true
4GqvyxzX6fTmJBkLFrMM2CLvZBz1ta52QE1wDCp4BHgEKubEqvVoU1m66dChpLow7tbvXCcJbMErn12yfPUvhy6K,,true
4nk18aqwimohfJCVExmXiQpJMjsU5g3D39gXKeYeUxYUhXvEfDZqcj6FN76a4txSN99siJi6F56G4sS1Bpor4dTH,true,true
56qUJJQ2J9sM4TvfQcgnDKzf4uFf5rtG78KSMuk7C4k2QSBBe55ZQAgJire3J7wJHxsFPecckCeSAJ2pVizNpoTa,true,true
3X989dcoaxrndfW9HNWEEVSkySrYiFaSP7AD3ndoo9PqHAnRruSXQ9754eJg33vWDaXhFqf3PQ94sMgtLU3F8h9f,true,true
2cV3WFYmr9qg9r4NCntU2tdJj4JpV4RHsBoAJUHsCpzwTmn2MrX3K3JDT5RB3oGrcZFfKRAYku2tXV7wPuYEFfwH,true,true
5w3qDf8R5uW4jkymB3iqKzEfMw3fSbogaDSy8gEzRqpZaitd4821HwfkVywK97EHBHsimRmKswC4vcN8j885LkjS,true,true
uD4wKpACCpfAoJcSgdUQKkpjF4vLXf9zdPJwVSfHrH5EsgBTJ2C46sqYxvY2ZnNzNtRyG9LsQaZCKpVYaaAuTdZ,true,true
3smV3QykpTUzUeo57RgTTwPJHyMbXM4zCH1bpDe3pY7LHiTefHVXdWBkC8Qy1ht65YVTsVomXzdkpezpnYYFEgqZ,true,true
51Q8QNR5mYuwLaU9Zd8Wb4hqhGYAY4rhevxdBrbQUD4Qn3uWbu6x3n4Xf2aP6GEmJKXQfPoVqa5cjqDMq7HBa6qm,true,true
5u4fvDCkAVSmdaAZRQUSczHfvEQ47iUzWgCQBBLe5enAQd1g7FGC479rBqeL5YoxD4jNoG3ZxxP6923DFVcxPH5g,true,true
55W2vxhh7sXHvgV5Xn2N2RySrwHpW1UEuJymuBYpm26qYjDBaVyBSGS1fMEQCcihhamuW3vNBoxhgVCtcAFwdH6X,,true
2iaYHPzFpGiUhzyXkXvzXr1Eue3H8U4DKZyRFq1GHx8rAeZXhS4VGvXduJawf8Kb1UgpqL4Qyw3HdikqDGuAvYoo,true,true
5id78SfmqbnLHxwbG1i9Mx7dgzX2Nc72rM9vC6TnJqdRYGE3VCUBgRu3XfHjShYgfoMEsgGdGemHXLhWZWi4LNcb,true,true
3nk7zS3torvErFkLWJpGfhzuMjhrSuUL4cgjTEN3x3n5hGV2SdPyMEN6EssQNTKyGDnZPK1WTBC9d8cZzVwH9nAn,true,true
2VCduRacTxvZ4VtSpHSDpPhHmdkZP7v2eNxQHn2A5EpYW4kXYPTLiWDmtJoQLzZmg3YRCtGE4RUJa1DXyxKNT3Fz,true,true
2ohTh7Fd3eTPcpZVPQ9u5ii2onSaAGhutZUtWuJjKDYADrQBWSPfjmsSdo7KaerfBRyxBSGVy6G7P8xKx8nwUZxN,,true
5gDhPfX2CGVkPU88eNbB3DG9VnbbvkhTPrXFRcCdBzedsM6wQ4La2PVRqea7YTBvmRr8fa1uXZcDq6s7emzsAkdm,true,true
2sR8tT2F2cLZXyT2Prc6dZy3CLBLy8wPrfoFU12R4Sg5zTMUZd9yX4Kp2y68CgXAikLxXe8GuAwgQr587GRL1rG,true,true
oSBKbGpG9ncvXfQS69RDc6C8E3zvFTgW7u3jDykM1v6Pj63sDHMpRZmMgvjBjxMbWkJxhQN9SBqoP6tnJuA6bou,true,
hmZJvZFRvCcbFukQGi3yWj9oXXGEqJLRjVB1v45MAhE8EVMWDUhhp9BEaAWJ4Ce9Z9HG3NE31AeWzEPzojhE9AW,,true
2hxeUeTRhvtEtBCkSg5QcMw8SBCLZBKWsH5juSHze3hoMEb8ZLFu9PuxBZQTVEwbkhKZUiJHoSM5SbfZDNnrkrcE,true,true
2uf5s8rfJPqHyvEbaTBZ7RdkBZEMRp86soiRcbMWQBzdzpwMuBv3QCijjiBQV6N46WrCziRWre1TNqUV1mhTwVPE,true,true
2KrT4jjxbne3jiBCVLQgm7gpFeZ4wkVA9N2xjrDcTwiDSdvi6dNFVcPhYoJxFCQt5uobrz25K4qZqNZwrNGwMB9x,true,true
4AaXQXfVNZh8jGA6u9Yq7tGJYXb4RkbRpQfrH8rmZ5mUGJUgQp45hbkLgmDL1pPBu2ciHYGdR5xxHzx1Lz7WZqky,true,true
2euuuAYcWgAS6SRAtbhgwMFzQaV9bytRcH9EAx5dRGJtHxrjwHhWjJYCujymGFvqEeqGNDMMnCoLNQZf6o7vML69,true,true
5zTEtPaynXzRJLSpEm9XQtFESenLynTZskKziWwPwh8W6f3oQffXe2akn7rrUg8R1kNp5RQhRVVAF8hhCmQm1sVC,true,true
xqcdarhLojE5wpNPfSaWsiz4CM8MdujZ17YdjuXhbdf4KeoABbm3YSprX1aPb7SVFmUJXfmuXxLCdtniq2UvGfv,true,true
5tKEXN7fZojndwJ55B2UZHpHRm1yvwYJAsYHRHNBCDrsXpC49XkWxs5SAzQWGW6SdQEKaaVTmGvuFh2Fxo6iq24C,true,true
3vf1BofLWtKh5BwEEBviuLnbKhjebNHESgnTFG4B1MhGF6xEMYAxsGYJTD4Gs5MRmELbJzJfFd8wYqCEvEqLqH6p,true,true
4cjbqQy3EU7qYGCUciRL9itwLenLcyAgx5USmo5B6bcZbAJmmXNtk6BuiauwRSnHUk64LtmdcPyCf2mift9JPDmU,true,true
5qdVqwsqwAvELtTaEBzkSBPrsP4jsfh1Uvurn7c159poJXavASt4chJcDmoMovWpQbybWLAewRXVfvKUiKhMTRFk,true,true
Z8upZQDyEkHs5MQhMkqweKApuwTgKA6fCAepdWapXbbygC9ywHkrkd5B9Z88Qxvx4urZtjJruyz653JAQt8Egko,true,true
5d9TMWiA2aWtRWpapitr5kxfp866CrSUM2C6remWitA2dMiB3DNFNyCYPPjbtTFR2iKijfMrSyAapRgLhp2ZRiU7,true,true
UojUmgWXa6X5LSM7B4m3Ssh4JmEqtJQEiUMM1w2D1bXafnMi82kNVJbZvXrFS7Uhssse5JSq3r43PXMWtHUUQCi,true,true
2Lg8h7eYkbmN3EdErBaPjESX7Xv9sSr84RWNpcGGafR8zyk9XDkpJQUEzHyH6Z2juM1PTCXk2F2RURnXXfzqHjiz,true,true
2jWtnBX5vYP2HqhvaGq7KctzRe2sjfPpkWhTFfNrxPpMyRv2gDDqi5RcHmtEtjVo6AzuoUadHLF3sXKB5RLpfZWy,true,true
5LhASDxHhcEMMTif9ukqs3P8QpiSu4Lv3XR1FjxoydJ9rxdi4RtAED3fvaoQC7J2yg8EekHbwpmAZQ3ZdFE67Gqq,true,true
3Kc5eYzotxXYXZbWppogL31NrgB9JPk7r3rVGsmdYjh2neg5ha68sd1LqmwR1tQ63ttKQbzWFCUXtuFuuFS3c5fi,true,
MgyJ5GQv4H3Z2y5numqF5mM3tmYGR7PS64aAHBAGCELPLu7E3pcp66HC39yiVtM5UBGp2StPSrd1xPrDELuSjbg,,true
44DxLxzs7PTbJ2tV9VDHapGckWrYK25uxGqT5ws2RoL4HVZMtNoqUmVcYTf2xYcojRJBenwJ8gmFCm7BcjAfqBYT,true,true
61yGjQNVScvwtRDEeN19CGiyo1aQzns6aWZFgbvJLJAmvubTJKZyAsa8aMeTu6g5U2RU6kGNDskr2hK4SQVAZEq2,true,true
4bQGNezD3KoSruZYT5zSazB4YKZci7KBxfWeQMeHr3Dm96aefkdie1T43NgLRVjuVR4qcWoXan72LPK6nAfexewh,true,true
4qWuy5J6ixqhXV17VzHURfxcHTukEzjhaEpqPRuvLPQKk7iNZ1fD1MAspbSJfUN1HUCh3UJMuXA68ui5ChuZR9mw,true,true
Y8ynTovHHM3Sdo4D7j1QtpKZwYHi5U4LeqneU9M5md4gf4RRdMoWBpexqt24uxSxEjsBFyp3cez9CvfXfBVBLnY,true,true
5ASUt6Lb9JfmuMV3W82PwwM8heK8xMpUbjAS4h7uNG6fqsMAbg2Z4nqPEBwR71eEC4iP4h6aCj37tkiJG4ZvLMHD,true,true
36YYBpdZKGmy2gKNHGR5sNFxFNFdvhUyhVfHMGwXUjs9Ak1HYpDPumnYMDzzaPi8EeGsRmoDQ6omZHag75EhcjcY,true,true
61WF74X9ndRp29sqqzjDs6ADjQrAmAyAxicawLNLpGUu9XwkSoKpwsxZjURBsiZjPNmcdBPZrm4N9YKp3EmcuQWr,true,true
44W6gMtC2j4FGkve9HAFnSuQjmQjGa8gXDELupsLArJNfMjpcgHjtQnGVWDxRfPh8WpAF9RqoVvHmXQRDRfQeCC4,true,true
4LBpyvKibfk7u4p6aCeZApW1UxRXCEAc5KpPgrRQhkYNbkrGgjrJG4atEqfC3dBSstcE52ajuZsyYftTDuwhAVBg,true,true
51aqc2VTVUSmGkQy7eZVQDaPKagb1bBvpD4CDXzgaDWCeaQ254Moc1pGnK1FgQKa1j4UMX8Fzf8asrou2stJQxyE,true,true
3Yuhb5fbDmh2WsLNypN8oN3CDMEHy9bF3EFh8bac9oFjYWeoF7eQtAi46UQC7bSindgZR3sTAktm1k15L4wLYbrY,true,true
3XfESv64B1gSi591nM6Y1TRvV46So64LbNvtjJMaTJ3MWPL4vf3hv7ywcHYpAo69vrgQy93Y8jcV2mREwbk2D8fR,,true
2G7vr9n7mcaNYm7JyxashW41BB6DWnvGejRK3gyCVWoSTbv42uQE9PHaM4DbyWxFnMntp5Ffnzbt5ExzSDMEYVeA,true,true
4MZcmBsRKnyET34zn4C8fXXpjRSqM7QisE4djbG16ERY3sxyBbo1hLVDKUfqocQze1Y2VPNBvUbmxPfEkaUkZgFB,true,true
3xrQA9NeHMPRX2cwC8EPsE9aTcoMzUz7hwmrF9HXT1FZUwn2mq9BKzqNqsJq44m76xdfZ7yPDaCJpUuXa5FwNffi,true,true
4HySaRm46ajHvtRGwo3jHrBa7atiwg52ewCfBeuip2aiG5zcwbkUKAwHbwz42w1GBqZFHPp8RsAtPbUPYLfB2GEn,true,true
5Y9XoM2dkhCAaZ1XRN26bXdsbaV6HYmh6AuW7tXq1foVB7CoJhN6fbUVcDYeBqMSZgQTpCbm3NM1Lao9nBPgutRV,true,true
5ZSdLhQNNxqfFFPjXrxfw3MQuXrK93VYZVTtRDhfhekHTfzid2rUuNTwefSiDcapFpJKgFC9aVYA4Praz7okXwdh,true,true
fjWYAH2c3T2u2JdN23nbYj2K5joPa8b3ErvrJxasTxnQ4zW7tbUQGxgT3MpDYrLZkgdvdcXXKME37cK3z5V8Jv6,true,true
3bPsES6C3ZFpMpDPQHHFczCBQjp4LWcWt91vRQH6yxBsfqTecw8g17gTPba55gYUrmph8W3pYgTJH7ym85kyUmyB,true,true
2A5ykhjUCjQvb68oKudDpDfXeNXAE6qtQ3c8Gtd3DL5uqVZwhAe2UQLjP6opSm9o71pe8mV842MJQoh9FbxvqLtZ,true,
4WUVjNkhqxibgwgDdTHhc6ohrz52CgDpFtWs4vduavpGsDTKWCvPYChZ7UabY3cB1cWvRVD5VAxqHdVn1BQw5m9o,true,
2nSEEW5Ae5tncm57pgHbh5dTfxQV2FmRokvtuUMN5h6BS5eJETsA1DDYzrL2zWq6c9sTcGRpNenPLwTMvX2DLJ6g,true,true
39vfyoAgHd6mtHsxyBU4SwoQ4B85dnEnEjSHVNTxTpmzdGxAk8jFLAJu2q9ousycZrTgHCDisPDQnTKBjdUjjNY,true,true
YA6dYQvhQTbBs79etCEuxgiZo4FPPeoM4v5CWW3gdZj1zYhtBGwsVAnJz8nwxsosN798nfFdXthM1NgnM4F3L8v,true,true
3mDFgGc39nPYzGmDuhFyZh4xraoikJDrb4h9oHBjDLz61FvTdnDWTo3UgnWwjPLb3gsFJ2PoMZVBNEwEudv1AQhx,true,true
64PpGBiHoks9eZUubrki5uXRp1TdCw9JG16aQGcM3ZPaeakHTt548QEYw3jCyYrMUXPHAnHRo4frkTMWdxuHPqGk,true,true
46h41Ak3mxKYYv3qMucU8Nic4MJexQQq3Dakc5PLGfBUMspWe9wigHpZepWiexRCtXpVyfK44oHYTk7DWjF3pMJd,true,true
S8LDiY7YEMjpNxiNUQeW63B7QT3Yr5hyRjak8wry223u2LDL627RFYkXNiwVC5BrqRNuUD44bRMeg9g6nSneZ7o,true,true
5gEb99tXdrkYGGBsrZXZB41vchYCtCRBLK2kuAWVT8hvTkN6aBCqKwi6wxDsySdAW4Mh8cPKjx2bmbXa2t9s9Qha,true,
2GVggZsXd7Mgh3X3jTwJGLpzXmjFwdNcd4vkvPUspAD8L3tFceR6WoQQiogbE2wEg3rCXXfgsfEsnkWmBmgc4N5b,true,true
38KN3Hra1WBn6XbUgetzCWVHeamsoZBK2MDXmozguaSsENXT6HfCS4iMogfLPmCs7QGaZLURXMPU9KWBmjGGp24N,true,true
2uW2qR2jzRfA2arKa8QP173gU6mKZu1brRbdiiHprkN5XrasoT6z8BQMEF37i9gNEYEaeBRh59mF7mDLxmWniVrc,true,true
5sVSY7kjwUBrdMX6tSNAwGkNEsK9Epjrg97ckdnMJpAZ9U6vZBwCxv97pELHQ7jqGZ3UxbZLof6AXRTqeCjzP3hn,true,true
MGgCExobAYG8hkTikq24D1S9b6ioqofFRZpA5kvn7eUtAXNUdt823NmFMaiwnScSsQXf8rXCJ7AteVtSgZ56XoN,true,true
MiPSnZMnUfFJzo8x8kAGuRD1EJjz6NwUNtGMMTuFf8t4QgvwmAzT3JyKieErSSgshygh4RswzLMP92DwJy496ja,true,true
27JgVR48ybGKJP9J1Z18THZno1DbnqBPpAjj9TBqtjocedzUrttUffpEHrUA216wBuMGw8vpoDgMPL9Skbnwa4up,true,true
4o1WqT2u6ytfDBtZWy1k76pbouBbKufxnCfEbNLyRYCppmyywoejrmB2Fb7XoT921fAW9DbXTYybp69i5pgy5zbC,true,true
3CAkJRmy1jy1gFDUcWTnVehj3GF3NaTVLGoMByZrFuhDcUb7dv9Z7MbNGaWJf2wmiUz7zBCyWDypVKtTtn8i41Sw,true,true
WBAHS2aLVhnx2hpLFHPY9fBD99QZZbU6VCA8o9z5LMisfhYGd9f5mxB256bKTREVrWM2WMNhvi8mQAzT7aenGZx,true,true
wzuRbFxhALbvy9rNY3BrqTiNjhoaGDXK5Vn9DxCbBDxV6964hkzduo8Xb6bWgj5PEqYwt3Aza55nP1nQub6JgNH,true,
3PXXnFdqSTRpYpAhy2zGfXpTeaJ68nxWxiWRcX3aanJ5qGG3BvWRs1PoL8dk5M98NseQKfcLRJUbRCxM65VzzeiP,true,
JVyBV7sHCu1QBNyTUGY5bTUdStR4MoxydWbZzUwYLibeKKcN4cmLwDNPcNMd4J6iraiJ86kPUNzXqbVbQg3kR8P,true,true
2YY3eGFaxNXT1k8UtfuVJMz8LpsFZMSskg7Kz3cJrF18vjDxJrNxz88monwBti4UsZvCgpjiKJLF5zU2EfpcCbXs,true,
5f9hH3J8etE3DPTCyPzRrgFdpp96YPotJ1pF75LrTMDjjsVt7HY1Tpm4j9vp48aUNAwUhiLhLkdVK4eXk7KnYjvu,true,true
5zo9Fo4mRfsmZnCaRJANNBrUHMFTQuPNRb1r51Q4SxHmFAf6wAJE2XGk8pKHiHjps8iLuaedTsrv6pigCaGz9mys,,true
32tdwNekgtcScFBdEQrpZPt2qswxhojtakaduQ7xJNfwaU39GxR4yDk6ybh7Y7eGBNexrk8oJsa7sKUpaTbSYapT,,true
TeJEWWvSAMo32BzP2iVDqdXzfmZ9sL94KHTdaNKgygGH4n9rwLW1varLKBus4KKfT77DdDthQsYEuYbyAiu5685,true,true
52DJ5y2vaz6icNJ31BYRaAXRMSLUcToLFDQ7VV4om8GTuTDcc5cU3Zseu1jsqPPeossUgoW57cnWjeSK6PZxjDs3,true,true
5y7stStkSZURzXn6bgm1w17poKsLoLYV2wND1Jx3urfeCESv9aX8AvW4mUMUabPkp8mdrdRjsWznd695H3SLYuxN,true,true
3Ueg2kx3wMxyMfoE8a3GfhyLcBRH2evYaosPP1zYXF7FN2YAeao4c7ioMgx5iEGkAE9KyyWrhcAhiVY3gVTaWJrn,true,true
7HeEGpdZUHR2d2kjq9oTbabJGFTWVgeLhxPumT4jF5dsnJA2PJPHCP3ERrEbAsQpUXQw4MCSrtpfkeykFKLSkad,true,
38YoiUkjg9Pm5puXPYS115GUnEQoM1TNJjUdsDUcv7Bp8peiWQifGEdkgeqXoGhU7SQGeLxPizsZab8PqsA58BhY,,true
3KE93seGKTCdakaE86KUTQGsgQEduR1g8hHbZ8guUdNZgD56ZM34g5FbG1zaq9aNcC2vBSSNJESwaTRAa6c3aANS,true,true
5VZLSvVFz4b83WPxR2rDYg5hvG222UQUQuWJsYiYVcBp3KWahrMeAiqv9zwa6KziQKjeSS432iaxH2zTx7gvNgew,,true
51o4ygRqH4xMPHz331ZFCyEdurnpQ5WTu7ZhvMUKBBsyYrNLpj9n6F2bQ4XVbwtNRotjacWqdEUcSYN1Yutc1DbN,true,
2oxSLrETTNm2PdTucfzg1h5Xo896ewHvcWSgXi9cNizSjCGoKWo5gYM6mmsYKY5GwP2qu5Jeyp2jSd8FfRmpBxnK,true,true
5mceg75KdsYjfojs2UMjzUVm7mVNsRKSqYX2uzFVsqato2L3sPH5F3j43HcLbZJQDt54BDU9aJfSSWSXZyC7h9VC,true,true
YrKQDuVKszbxzncioELHmSTcAAsCQdCu6YQc7Kp82iJEFhrFcP2Rm7NWz3jAiYuVa5kvHCehwrmqZ2qwp47WhDj,true,true
2LyMqPkwxDo5SjxkLLkWWiehpT2Bs3eRCTL1ZQdKG3oRnykoo3QqNTaoKAra422o7nDjKXzoVbeaNKF9sdhiWjEK,true,
2bKDbzjpXKXEuv8pRYXMe5DGfGbSsNp1ZH9P8WRGGyumuHTkjiBB4gzd6qXXurMdHbW8cCjXjp9qYrCgziY9DD9E,true,true
CCbHUtcreaEuGo2PJJeCrtkaZDv6PMtxHuk4z9nG4yXQBoqTwVpXPbZrrUaPWXDRgfHUkQoD3H7Vm8hu5F5M6F1,,true
3CqZuZGftM9Dxp9UaE2RxQWUU7da63Z4zQkq3G9ih2G92deuKqp5Ay8cj2D24YsCFdLMBx6HkGyiuB6hcTJq2qGW,true,true
28MfSrDAAPjC3nqMxE3oYaXVuSjMPhMaCdgURy68yfrvgd97D8hJGXfUNF8VDVsHyXCs7uJe8tVSKhJgftom7H3i,true,true
2MhLGXbigEvDHDnaZyh316dEuSYvcvLu9kyViqjx6mmTBHSoMBacYeyasza4sVSxN4Zc4RDpkBbLd8s1s6HqqUiw,true,true
5621pKfkxuS1rnAe4FAtUFVZuQQ1yRLR2UzYmxZTNoEpiV3dE2fTfDiHBZZAAbfipRDW8YdgsSUAonfrerp8hNw9,,true
37oA1LMVAr2o1SsxwtKBLKNCUH7rGVX6iMrCYGCJK8QmhDbtLeRfrkwc8CFqypwDNifuP6KPfKzknVCNymguVffU,true,true
3yoi5oYsR5UaYKJsT8cKa5cPV4iCNj5zEC5b6WXQFAdomEF1Y7i2xMVKEhehPYrknF159bW4LJxX55m6gsREdyD2,true,true
51hRBxM2CX9K4zNxBPZV6exhdCKafkxzKE3hPi8dxddSK7tVyGTLWDsipgid26FnwgUQsAa93pJGUPhLEb89EgMV,,true
cuT9rC7U6RRjyFNjSbu5ucfhy83NoeGYFLrpUfQb63UCLLnE2GPmg27iXeokVmhqZGSqZMYHDNmJQY484nfeudF,,true
2DtDQeUvzfDmgwPi7oiDptXg22NWC8NDMPkot4kurU7MPA9M9AX7AMoGofmcLeSXA3uZ66a5NRrANbSFmPTQpHhs,,true
51cAp3QgLNofGJfSNqJdkaf7QXhKG8BC2GE5ETN9ymS1w1ucHRLkbXQJ2RaygS8CAMW3ydUgAnfwtLKEzZaaQfq6,true,true
B8fPFQ4jA8V82jpw1xfkBfEW2jdG5pDn1TrsYVLxniJtgvzYfX7fKRg6Re1faSPweSwqUDtp6jDnu2DeemLLCA6,true,true
5c5F7mcKxqpfP6fjAKzXTbTQkiLLeeWwpckJKiUZLiAX2LD2t8Sm9rUbdSd1nhVAUZgxb1kGWw43Ht2wbKuCe279,true,true
5nvxLi7FgFf7BjyqVfWGe8T1KHuAhhoTMx9bTbxWXq3kkzUX6sKTBhh6iqBp5j7UfkKnRazAN7SiP7WmGVPFajSo,true,true
2gfVjK6wjLfwAsTkKdGZPzoadue65Xj4Jw51vxJtfjuyZWSqED7oAgUwbnTjXErp6ek9cLn94SC7Hq6bSWfg7NdG,true,true
3ZADhCZk8JBWcaLbTzyqLGpXrvDM7SczuZ59SDkJJi3uyN8vSjfLmymLgtEvZySKzJjuoEU8gFTa7nu143WGkgWz,true,true
5Qyv3rJTzS7CBHHTpMzFC51yN8Cy9ebVvEZ12XPc66RdchW6tFD7VihierptBdNUd85XEdGMVZKyXJjxktEfBTYG,true,true
5ZFa1GWTVgZJAcs7trnnvRHK32Av9A4pU6aJKCPHzMwRhnCddYZgYMvnPf2xxKs521nxtwmHj6b11Ncjg7b1zgnp,true,true
4e1EhSVeCEGChv8RAsJ2rUR69wTubd8YRorEQeq7uXnQtQuyn6TmTEBbei1gCQa28MAMETixPcj1y4xaJBUCccK2,true,true
2vLMieTBVLfCMoaiaiKT7yix54MzxApoUQG3zUmGJyMnMH8HWKfKYhbNUPdTjapizaxQKtLPwRtx2eTcfPEnciV2,,true
3RnefCAhkDkmw8vxCshuZhPQeVdUptfSCDaJ9VkKfRqxhTrauBCc3zyzQNydiRLcoAz1v3q9cyAjZHMs3wp233ec,true,true
56dmH9cdUDEVMdgF81QcstBJYPgdxam6og19bGx4rbKrSRWZrcZQViU3Un84hou11TLhi61iFagaDNiFxQG9jZye,true,
4MF4GEqMf8jfAjffiMShYeWVbZXXC6PXFsSo5TiATtPFHavwmZtyhaXV3ccMo1LBc9bPBfrfKghxV3BhtTR2eKp2,true,true
2Lncnuyy834TZuwmm8nR4MenMVWsHfvnj5sxEP6Xp7mNn9iguTjWEqQGUBVBUdXkeHNTewCC5hnewnhbTjKJdctc,true,true
3wN4cW1AexMcWWYCwfMcNX7zzLwCGUdnf5vft7wJCPJ8KuzEpAYBBwvCqT3buE7E2N5zLPJG2wzKXdtqqqWPJ24J,true,true
3Wz8FnYLNcG87W35MuPnKiWE6jrMVzjV1pTBb9756RzVz25NMRVbhsk7Q28KavVkQqi7UGagEN1pKw5AALMvBxaq,true,true
4GW4yh39464iv6U5VNn5SVCUhAjudPMzzcAamifhRbTpvS9nTwag1QXW8VrtG6ux7PLG9FFRYpeMazYW42qk7aTX,true,true
kj5MTMmwZo1CGda7ckuw8f1zMzv39sTmF65c1A9FMgMGaUaVxwRzWNfrHsw8LKwk3pDUWpHDBDnSDuw6Wxi2u9F,true,true
zXhtab6K1kE1SUH8yw1CZyowA4SrQmrVUf49itT28jHbAZEMzNAQpg5LysUQVFjt6wvkxBWm61GauZY35yUhJfS,true,
4ZL8Vgbbo4FGQoyt5YxqTcmHvWT94SCrzszpEPG5dRwFNsb6ywBEnhQdPHe4XJJNpwtBnNztPR5YK9g2Q6S4bVnC,true,
5CnYS9iVMm823yq4s581zUoW8DtPqzasrwBZuxwGuByKoHj19bTzKjzQ83x3fmntEWDw48jiooViz1cborWzhCnV,,true
4BoGmmySKTwzKMdDtEpurrE3171svs5qUvoJwDswho1CoYMbxND84Yx6TLbgUkzMtLfKyrXPYd21GZuM1PQBB3Mn,,true
4VrB49hPqUREhBfk597Q942Yhfde9kSj227HAENMnvJ4T13oYZ8z8Ho1FokafHwtQXf3fLMu7ijpYjCMdB7mdUt7,,true
3mubka9we2DyxAqF9CmEeuHVhbd912My4ewuayg9ap47THPcjyz3VaMw7a2cLYdNAfWEZgzW842SLD2eLYKU2hza,true,true
2PauyXz2MvuEiRDwHyJexUyqACm1DnyXRPKusN5tUvVRmQq1j8JGLBzmjQGdhW27LoUbJUpcSfNEcZPcTKfGuTvK,,true
3J7ApRxNqCV2SqaedffjfQd1JD368prPc3FUC8SYg5XiecwC92bdLnSV7U91nap3zwLwt4gKTKdvXEAsqYu7yYdd,true,
44Kziu6aRKEmVkAQvgGWRKJ3akKrHAZWHVX5QyFwgQPMp9Wn8qkQMkUXsnY7ycdBMkw2DWNgJtzmVnvSR8V5UgkF,true,
63vEWhpmGnXri1LPMPoEQtFj2bADiUo915jXU4KTkgc9vc7DbMe3vLnzg7NgFgPCcuBP91mZz7DRvWAERvT8WiX1,,true
57pavHZzTk8JQuq2uinWT4g1c5v21dDZnpVTiupC7FZqYkQxU1L6ERzjvRcGjF6zzJUai2ywrKJ9hPbWNWxZV59f,true,
2hgZe3DYcES7u6e69G4Uzo5sz7rvABY5J8KZYPmqmujmefbZYKczFa8nbtA1FpX1LmwfhzKwmoxvMTfCbN9Aa1PL,,true
4jdKPAB6hTs7fFG8g4ub1PkNDad9YCscJPHF1n2AfCzmcFdpt2SP4G1KS5k4q49SRZcHbyC37jEKzpG95u71DmAj,true,
Vit7Tq9J33kQUyrhQvqxhNLsmqEGoRrd152Y51HqbbfQNCBByrLaAqmKbeZHLT1d6s26K9n7x5i9k6Lk5e1xW8b,,true
2F6sSUoTUy36u8FKJj3bPfk6BCNbBgFcKvdmhm49kxEVsuDGySep9FjxnPfht2kcfQ1QCQ7Xq82QTout4rsFcoPu,,true
2CuUiGETKUwrY5ybSmrP3Wb7Ng3yh4BMJ3GyaGsDucLELH5bo2Qjv8yK9AGHodPPnduXAw17xh4Z6RQJG2JBjdnv,true,
2EBA3fRHLnnYXhMqNmKBMvNBu11m3AMLm5282MUMMmYrKVrXyhsMRAbkBDY9xDtWUJwKyhWt54F8G5SU5JMpmMjb,true,true
Er5EwoFUNbmBkeeDKLJJcw1eowtrMbChYaeo8xesYxEcuB61kxQMuAxdoU69nmGV74tQLqDUzSTEJ2SABR7hwWw,true,
2SWG2aXhXWyfW8SfGZSTd1BY5quKB4rSNBja4w6WVAfH2TrYWELVp4rAQ9U8bqcCWPR7sP5nm7UttNj2cLkV4BFa,true,
64BPEbLPCVaQ8C1V3zwzyv1TZpqNEQLH2Toinq35k1FR2L5f7Vue5XC3VJ1PnzFPLT1rgFkEGQpvbptBnWfQXAmp,true,
2d7QdoFHvmGng2tWvvrqkmBSVpCFygE8aoEWNJyiEcWKrgvdYivfpCPu78AZxUgkahEYPoJ89MhGsE3ivu5oVHsw,true,
4JETom9JzBvKtfh1fD4Dve4gDwTJgRhA9ir5awxRoZ5vgjELL8CA7XaL821TyZZoyXmEWgAi4iqBekmP8wd612AB,true,
HGwA2oHxHcsCR9NsKiQiyjNopBYCm9pvmnaxPjKZFQS8d7M5kJoG3yyCM4u9vDwTm21dikU8xEvzpDJKuTSGgZi,true,
61ZiH4uN2GUMtwtYdrQCtJfwRrWhrSx1BzVfJKrv7jcCvdvP3ky3KsAbEcRepEqGhVqEWcGXrQyMxem5dmxdMBbg,true,
2JZ3TLgUUxWKdGAaNovDriJQAiucFuaB8Q3ZGXzSVuUJZy1Nexe34RK1uiw2NZWxLGK33F376j1JK5bLdXMm98EK,true,true
ugVqBei2V7eNh6Wda4GybHWkPky4hP1fVvQUr9YpoNSRuZED8s9fiTG6anuhgAQPr3SuX82gHDqYrmGdBzRrfZa,true,
24YD5zfHT8TNKmvzCMMRjczUg3QTQa7PrrYiA7s6355DyeR6bhdRpVrpv1eEW1hxx2LbMkcCupusma39dKPrksga,true,
3BcKFtTGRf1kPcGfMfj9B59UExKnreyMH9VQzbFvXCSDMzfjq5EV8MRgTkRjfkcmNLfa1yCuD3ZciRFMVpy3WKck,true,
DZpHqRodC8JoXUJgUUfHpz8bAAetPTeDYdVGrScJPpMFL7KdZ5NH6p6dC7hZxwNqmbrNVUHgKZqr5VWVzvYTEHq,true,
p65MF8iQDJWonTeUQKsUu53z49PQ21KRC4gTxPv4V5Ej3eS23K2FFEZm5egMVeASTmKeatATpWpnWnYkwxrALis,true,
DuyXRRh6DEx4EdwDD1K8QeGdeJDnZr2DBAqXNUreJYaN6zLMV1FLvD5mzwcP3KrT8Y69c7TYhFB3oNeQE4apAtr,true,
49arxaY52Lv9hGg3tELYPH8bkKgiAmQJQfaAv2it9yupuZyGCSdKJNeZ7RJtzwEjjbL3hTpDkszFBJYHAuSHp6XP,,true
2smYbS5H85eQXCrV41DqUHGZbucXxxLrKZwzofr8bysmkkcitRVuSzoKDLwH48sXb5pYHAxHUCpUierH484EdLSb,true,true
31YZZ7auVDC83jdrRVdDtPzaxmDu2nkynqGJmYYRkeL9nAckM89okdBn6ncbGL7zUUW3UodXTAmyubqYfp2j6jUt,true,true
46HZPwVCjfUTzenZwpALiwhpAYFNvgKoRfEcaVnNHsmVh3PmHFM7GBixDz4ZX8jiNe89bX5G5RGMEJfBq3izxHeT,true,true
5BSWYTdhR78KNZUV8kBGhQSzzmf49kktY4LLVpw4Pb3vfbz3n5mwjNQDTw4eBPFpBaBfkMPAQXcSxxvi29hJf4U6,true,
4nJM8aET9Dc8U8hQj5gLgGwL3hZcgn5P5FiBgJmoD7nSxQNvQnY4VbuLFXUhAsFUtkEdYXhed7qeW2S4KPbhqP1u,true,true
uiDdGRZwMqtnaYSExux5rMHoF4meMgiUxNgHrCnTXAPpYtr6Mp2oa1ueYmr4jqJbqRjojYRLi7peKMBsw7JP2KG,true,true
nP88edjxcd983hihRF94Nrx6SkkxnDgFDveCgRBMQWH7ZY2tkuKZ1drHXVxJXwuShNwPUenNK6j1cmWS23A1YTq,true,true
3AoycYKy3fwLRZY44BimoRMK2eWCkT6EBdf5DY3S1LhZm41S9fLmCNLyLa885UK2ZBgmZBfej8ynkh1S4hVsbMSY,,true
3bfyQh2662gUAaUDWhjko9J8jU6P3BH7SnPhxH4YCDpL1JpAY6XS4ZxCoiEeKN3HjtnQUzTmVFDJhKjaXy5mHiGU,true,true
41hLcFsvWTjQMtTGEb9tTbW17khAdHz7uhJRNKJnewiKZV4KESg86YVjdR8bZ2DaJQt9Ds5qGEvxH92EUaoH5UL,,true
WU2BapHquYaFh9Yvd71shKGvQwqB39kW9usmAhnwRMdARfoFJ1cwiynT95iQMizSZ5QhtgDXVodpfdP3wwXFgYo,true,
2aif6y4sEFnMBTmm5JVcD88HBgWyhu1U2aFVkkvPQbE4cmBDQU3C76Vj5WxtiY8r2ay5dMFojmQzr3ZALYnsN72q,,true
G3kEYZbTgUcmTyufd3sm9rTapeNKWcHyB4fcGkJYE65DDwohe1McPs9nFLN33JEPnNnVUvHS7kRyTxe2bQnF6gZ,true,true
5UjDjveuqvQEPMZVNbAWtHqQW6BvkRtBDcX6QYC92unSeV34b2wv187cV8ctKaTyV4fgRiRaB723WJZar8oKRUQh,true,true
4u1sPd7KuLfKLpfCpBFuFpRqq5H38gws1st7wLCr3G95hKYuCgwzwGwupyr4Xqt8hu4dDNYhq1hjqBjcNxyH6oCG,true,true
5rVuvcLjfeyR88tUJJXoqRe3ZavVjh4BDKc5NZc33xvKWXpGXcQFX6CiDELuQGNXBj6DnasawVU3kEkhTcesaG4N,true,
48uZqssiXgCnemF6R7V9VbvQqbhCQc7fU4ZfDFBSFbrPwp9dVEsctMSXcbjoPoLszcsdMJX8uVtMUHFqZu71e9wa,true,true
2xXyGzuQ3wsmFsiSq72XuvzDPSQbHdqTePDnX6zzHj4owH2LqyRNGnrNMjcn9FeJnAuaXRyE5zmrhZy2vSt8R6Vf,,true
5ztYp3wX4Sn6kXgRUUQbzuqA8jdGLjk5pn9w86yZu5Fn9NpSBCF299exGF9arVdMr9GrF5fWBi4DHteN1bgg7y9X,true,true
5LPxyWj6oyfJAmidNg6YZ7G2zZjkjxqafCsT1jr5ca9Jbgm5WsKmsjJHxWocuJSBUwYXSe3ixZez1J5p1jTN2QGq,true,true
DWizCgi684BoAzKAJsJMyHb5xN2TR1PpvNLhZMcHDshYkSUkHHbyTfNhFMxYBwaTniFd9Pb4muwooTKTTdA7xk7,true,true
42teckf9jKewgKKU8DqaAt3V2BHnqe6hNThBugsG96rorABLRypFuK8qWWPXVMRjtZ44GyxDVciaDvhLecXJJaxw,,true
3sWnDBge2VGYer5bQDxa4h3jCxtkeE7mngCXAqGmVVmxF1qPqZBeBnTfHD6uHYJLbw9gFLee6foiTf9zbuU5Qrwi,true,true
31ojQGaRBWTHR9eA29BjtxTLapzJASz2Zm897sJ4HzfWRviHmxddeL5vRxBe8MTEVu1AFtwDUBeswHUND7wXPyot,true,
2KmWcF7uBLGEKRWu3Y8PJBK2virVXVRP8HRr5QimgpVXUSkwzTtgS7pdCdKwd4rus4Y1EVR5Jiqpz7UQWACdBsRc,true,true
36rds94bJqREAkYZwKVytyTunp4pqC3YPKWgv2ZrrZKGGrYU5Z6P9B1geyBojGUE2kcQUY2Kww7xKtLHUEK1c2GC,true,true
28cGj6rN3ZvS5kpJSTQUguozZmpQrKUa8LsVCofLL2qh2YmC9E1P18rThgxdFJovqKpiWAjb3oD5gSAx8ZXcAYX4,true,true
22FdhSKtMQZ2AaWfcY8w6RdMKB9zVhzjByYndF3o47rTT1Wc3be27JtBFKaCApbZkB3r8qaF3ng3yTPdtPJdV3eR,true,true
3qfBPDbFHUBWFFGKouiiGAbY2YZhpro8y7UYW4r1DopsuYhv7J6JvBzedmZ6E9wbnJDQuUjEsX8xP1aXhJSV5Gp8,true,true
2YYJ9cS5VgHFJcPTzjjwEdTdWYpK3NJT7NVUTDJN2BySH7i4cGBtxDzVAqepkHPmVvmniup1v5GbmBJxU91kjgNJ,,true
3F5yP8cp8gh79VUntFDtyYgm4zY5uExHpc2VxDx32uTNYjj35K6B2bx9LhCvVxAfowGXXmNPpwoYPiUpccxAFTzW,true,true
5SXfXjA1AgPnA7J33gZrweoTzcTRMXdWSHkXUquhZwmfsdxspgMiuxbsQ5Hj9L6zN48TbbVoqeEz7GPGbcxr6JpC,true,
3uKFCB56uVZqbr6V6wFFGp4cXamvcdAUNwomv3RsPE5Y8gqQFBHmKHggCsnZ2FUHeqhQpffxpcHY4S8CbS4kKuK8,,true
3agtCA6mdCnawqBxsQZtNdf1SS9Tu8boWvVMHXrub81oHJAwWshykwMoP23tdvPfdPJRDXLMXHdedA7zg93tjfd7,true,true
224iVQPrWBLHUZgLsjfz4vCjmPoWAjTBzyBSxyX8XMxjWSYQc3ZGskW7gKw2KsDdSm43TPW3GxsjwnTp9vZ35ujt,,true
3yoAZu22i51FrzfPfgpvBiV6PEEUCWegSWK8eoNmZpbAQJCtcc5iyqxuJjLiwxoyU5LaqUxPzVDfk7sBXj4si9gk,true,true
bWq3e1kfzm92Tbn4stHKVgtF2YtPSosZradzpnCuLRvWdVLmCfut8AL39L4PntdSNoGgobwrH5uJ7b5TVoCe8DY,true,true
5Yk4YWgfpyfhWfxDcv9FcZ8EHGd7ZacbDgJ4d62LMBCWVpsUpxV41AmGExwD29WXtjXaW1FgXKSSBd1JvYZGiw4j,true,
4HmV8i439osF1nWetrGSirgDNwZH3bf8jgefXWsc9qogPGbBpZyT2m7cSZ1pDqZr4gSAKfAwYVeoYXn3stkuxUbE,true,
21iphJVK8qavFwU1iD8xcUkkKvHHv419ZhQB3ke4tHGfco2YCYtiqt43PkCUDCuFWZnHHUbkJUGMfcGamVoVvNwD,,true
2fDVmUEfrRVWngJbDWmq67T7FEAGym4NYB8VZWhJxHpUG432zwujcCZSjZDzyrR7qasRQAzxnrx2isXwQcVgz94T,true,
4K7VxBXhKCui5BMnayJRqT7dHwUNha83sVcPUYL6ZX4Z1HNFEFT1waarDg616oUTExzvu7op69cyB5QV8NvTdQf9,true,true
onpWD3cDVetpMM4oNXgT9EeWJkx2Aw6LeLjNKwJ58bGKcvSz98Y1sJVNVhDZqWGxX31yESkaQ2F4ZnBvFqgVajA,,true
33r6MnUoZJKGaR8BB6ZAfGnWPq9fZyYxjN9uFzbjKUCNdbHXSgNsHMF23x8nSKgzaESASaxJJPMR5TiheeMymNeG,true,
okv1X2UEL31FJfqcV4rUGPMdp9mHNU3V5nSTQWjoiwbaTvDwGAYtXuRVrh93By7rW4d2bc3AZVWThX96bvyTa48,true,
34hoYjMZUd2vS9iU1BamehmL1FQ2nBYWSW1y3vRymMRjqGnBSK5f3F6LtDvpJ7HNWhDsbUt1YGBfAC2j5Vs238o6,true,
QHbudiZriwNtHnr12UNDC77jMwdsmN2ijo6CunXn6WnQten8gwVUT9gWga3jUogCicoYfZKo7Pt5Fr918ydaCLA,,true
5HCQu986nE9oCnbpE8E2cHssX6GWyxKVYowNMSZqnMpgfRemf8T4hobRSJf8LcVuLjPT5FreAm1SmfeDemv3WQGa,true,true
2yema61zcXKatuvr6GL3d9aPgfc1fjBXYiaHmtWvnHhwMvcxefdSYbBNJvVzz1ofHtR8WnfSPfY3n2o8QjzfJXEp,true,
2MCBor6VM7mKY7xLSbn32xsEaLuaWktcDtWo5GXFBS4H31StoBZAwF6gYaRhsotQdytE4GXkxCVb8ZE52BkW4Vku,true,true
3ZB7XsCK8sm6a1X5kYxfERNfztKqt5G3dHUFzGHgAFsTSmsLpNox823AbjXJWfCAYBw3WhVrN8jERu4zWHArFc4A,true,true
2wM8DioyMZ1HiWRZdgsmsoe3nSNpHrJjY2hdnqcoGWXkJegRLySnTnctvwmQ4GBzTnV3Koxu6RNhm2Km2f5URubS,true,true
2bNFxptMn1hHfXMxRijoLXsUthcG1QEWFmvfXeNuwjEjp6BSVkqpnNdRuKPKcUAGmvpUzSxuxuSrQnGDXXN6VpmZ,true,true
58CrbxmmBMTQ87UBXsyBaa7K4H4XsbjwfQPSMPDrgP8AjzRXeUKZoMva7pKT2RbwSKWozxUdcTq6Y68y4ozUmuxE,true,true
5vmLBPj9bxkbfS4oy1EGshrcNAUk5ewcV1a9we2GXcBN4RzkZVA1W6e46bBpjcS6dR1FyvkMAs1Wj5AodZR4ZT6B,true,true
3myxrcrCCszNAcXREUxcghDd2pnTR9Goo96YG3JdVRAfFuNSXfKHBPAdhaJXXdk3K7EUg6qRZN2XkobMyTefnHD3,true,true
5MvUw8BsWUkKuTEVjhHNQe41xnbSwdRQFkGYEARE2kduwuo5SZcsKtuycVz56SR861QyasAeGmYrfvhdChhUJaob,true,true
4eWMdBaPgvhnQoZhmZy5FQLgsmH9cY6pRwqPL3sSvSmLZ8KCN99PLVJuAvQMF5qc9rQos94nn1pFcAaC6udp9Thc,true,true
3wJzxyXXSrpz3rbEGmgVMR3PEHQ2BLSDiEdcNdqJoXfN5fXKKerdHSkc8WMLLFxWGg3KtXU6VAn3YEZCsgN9kRaR,true,true
63qXtBMVEk7TugP8MfQDpAvweKz4XkySqeJnkDDE4M5ANCJ2caNPoqvcbqAuuu6FpMZMEWYr1Pu8JtMpbjzmcnFx,true,true
3L12SoPhF3EigTmRYTcm8KDKMFcsKWgc4Lmkj3umsDHyuevshxcM1jD8eUngRVgpUqtgXb3ybChpVvsphgEDKNf4,true,true
4ZwRqwrjEsNhqcn9TZPEYp5yehHw4JTEmK7Tsak19bUjfPedtyvAaCGH71GpFKf4PzedzeJ1T7HGL3aUYQRyKXKo,,true
FCjdJWKjixAdZqhQPpmdKZBaGs1cG5mpP9qoTLn6qWmpbndGnhz5mgpoiziQfzmV6uMYKgQzqX4LChRDquLJSPx,,true
21c6nZMFYxD32dfhVHyJW88GPe2fJ2v5LZ4fG3ftXWmJaaoAZ1DmoxSXrXMbF77MMYrsnEi5UuDytiLcaUpvSVKf,,true
2re38hqVdyuxpMFqGXFmPePnotKKexY63NQcMirR8WTLjTDvJVXdcFcTA3L4wVF9Xie6jcKy3XzjMTRxCQ6vM9PM,true,
3iYNUN1x4WXEvvwFNEwj4ba846qixE8GbPwLtEtHSDXKQECogMsthruPF4eitDy83q4njbi3X8WWnHNfQFf3TNU3,true,true
5BryFDhovRU9VRFP6hruf1Mrb9db56sD1g1rhKnE3aZGwNticsD1zzFfwhkgcTpUBMBgxVFGn2iKZtPmooC2dAWh,true,true
3CdfLhnoCUPCaAPfJqZRHPdHtu82e5MVtRXempKBkFjak7cc2hgj8dVMjKC7bgVBEj2HCbcCXipCYYCGev34qpfV,,true
2KpQpvycFxuJpvPKxemRHTkzEZxVWwKDwkXwD9gZJ3AazZwb3Py9GZYcV48jGW7ECTznTipkthnpCnWZtU5hhagB,true,true
TySCHqbHM7JNeQ9GRgqQeMe1XjGCxjWLVuZCzpVMs6HxRrSMVAr1HDBTL9ck9bcEEQHrYjeuiwZHCA4EVzv9wfj,true,true
7fHKyHucBfVGeQCSEHQtUUaactFjPgR2gQ5W4kkFB3AWRWji52xwuBbPwjpUVchECz6UGRBDfWuj2G4ovgrhuyV,true,true
4bsv3j1Z5k1QHj5FuhoJfP3eNrDcjy9bdVbfUYPoRrX9dNoo7w52Wq96AttP3b5zpmUgP3ReAbRyJz82mptzHMjC,,true
Hmm8VS7sAjf3wixsZ4fi8iY83JaecbwDrfT6fhjAZazWZC9mHdkApz9UWW4eCMno8ejbULZTeZPev1s8QEVBbaN,true,
3sCHXPYDagwbqDbNNXze2H7LLewvRfAcTdza88oJrfqYschLNRtZUtNBeVpf8efmRNd3CFrhGLJu7znx5gh1b15B,true,
5dgbAWEk6f83Akw9qsDJ1auewRHbNim4b1VWR7tumgnaSnMm1ckhR6aikcs5jTZiida3zfpm2VB77auuZrX3usDE,true,
2J8w33jHxm16bjSW4HdCEex3i7qPk2vcARy3gQ17TtprHWF8Gg5Jnn3p9Feh67nMuHLRHZS56Pm9DzjWjtXQvSQJ,true,
63nem6bwCktDiSWHZWPq9GUvdSpTGzBS1gDfk1wo8Lhc3NPFRteZbYheVKUWLUmq8tQ79h9ZVfNPvxY4hhyoxTNb,,true
3WqaVrULPCTEUsPgLSKyUNNywZhdeGzgrSUw5Zn6fn8dALY4um76ABcagiFQrWS78SkhuozxCGWUieEnzKPUzRnT,true,true
3qc11nd8Q9HPifJg19E4isr94wJmqxu8RhRfMqHSe6AnWhLqoV4VShxV21aExALw9uZ28dmiNJmjpMZUquof8rDn,,true
3C7EHcMTUukGs9tdJx8RLveom2xxAXUw8RKxpJ7FmUzuShKptzwRgaH72ctTkqB5PtXGAehvnGFQRpngEfZ5ksEU,true,true
5VTU3G2mjncBU4sBRbzNM3SLqLN11jsxsmABR5Ddng9i7zj52GhuTQ7HewN59jy67ugXadcPTbcrVjCq66fEXGz8,,true
4ywvsxK21SpiLBttkXk8J8Mb4Hhg37D33fMX49BSnrPWepb8J3kgRVVxNj75rV7SmgvfLk3g8Np28kyozUVpGm4a,true,true
5N4dpmqyhFA2Vbb3NzW3VMg7jm526LmeppA9mNXSEhpTVVA2ndRkeoUrZivBeD6vbqNFGgqkKnYFQekQVuFUqubE,true,true
2EYUZqPLEvVRpVH2dfdySK9tSUj5WHTSzGfaGvAsnUMeZJZqsVxHuzvXtdJ9BBiQhKVAZTR6BdphoYFEc19uTsKc,true,
4nfn665a2VPzSy3AAou6VvpqxCoMZHizASmE8NMTTYRYHu8hDTmdsmsVQX9GnrtW5TbdH8QbDaR5YJSDuwJ9tv9q,true,
4Xephy8TWZuui9Rp3Pek7awsyKPuDb3qhRQQcHoYT4UCWBG8SpikLCZugUMmoyPMhPWc3mK6jWf7PgfVdEkDAG87,true,
2YWsHbN3mkZVHosN3j6GYFqeMEcCmVRyXWKUkcPKEK31tbTFSH6qt9SvDgz9Hs98w8dfdvRf2G3sZJkK2qx4rd25,true,true
4iUvFem9j72LJfFv5vs2UroqiqjW2YBTRxrS8ytP1Dp8rZgvNF6kVH7foWqzNSv2r6WrQVWVvNGi3th1VF5fy5V1,true,true
2dGcYdDCfHasxJ3ANmWwaaCY8A3rWbD37oN1fd948oaddSJNNLddc5nJ4UxVdDVBycZJtrLQrzJMsDrh5xLFjepP,,true
2oo5SX8kA3UjmxYP6c822Hyc36VuFDXC9ZpZerCxVELitCGHwgQaHFrjqdpedQ6DBRWDd9qZkc5tM8s3Aur6RTFC,,true
2BSYL6Aii5BvzS3DuAGxpKXhbYtT5Gtp1H9C8rq5Kjc6y5Y2hxvLdjykGhsSmxFVLcy6fFBB5Pqiot9UafgjLTZh,true,true
56o1Nf1DrX7PwrNXouGS3UpgsUM9B3PJbtEF8gK5NcnTfDUeCxscpx4Y1csDSwRY2w3zDfHqL8YLvb1BiZwNYTzC,true,
5JeNookiQRAp9GA1kSPoWoGBA8bYLEuJu6BW7FEhzwNtQBWBXksZV9V7WUCRdCBG2C1EXqFB6z994hNVrEKgfC5x,,true
c1MzkNZcWKA6aTr8bB3dZiR43KSfE9UYDTFQv6f6P694VGo784tSy5b46GZrxSLkzfnykuxwSViSE4PeLdHj9oo,true,true
2nipaCxgZxMsAYEjip9sHNh9e3s3TDDkatDtPg7fz98mYo2uvtp8wGT45etFCyZj5Ajr2nYWekr1ozGkVA43AoDq,,true
5VWRSFsVhyzzqgy82T3a2FRj9ubsjQu3U33puaLMsd61GyfFrePyDxchcebc8uHAvEXwRmCoqyLLnfYyjNRwMwjf,true,true
nSjHQkENM5EVaP2EJWrTFDWHhiCixP6Dw7zwfUa9QAu1NcoCQcfoGPfZ3aGVy3qXtng8Y3ozSNFaVezuTAKA3mZ,true,true
bR523dn5tK44sM9ZeZLPDCzPWtGWjW75APiBgrCEpEzCHajkQsAY8ohecjeeTCPYWBX4pC5aSpSW8CRFkNugVNa,true,true
sVSja4gVKSL8h6ejuRvKovyft7ZjdDLkAn7u7RLBReg2dUAFPzAak19YpJccRi8ikCN99h93RUP3whhtDyzP3hs,true,true
3fYcV3D3GnzPKQEKyTgufMsdXNrcJQzewA7kTVVvoejPbAud17JVmPB66Qqz198wexiap6agZccdwNqyUjn7NPEt,true,true
4Yisfa3pA7jtGv3aPXc7byZPK4yQzKogp2mBYqyUsFjPk6dHiwgDmnCiFqLcrS21W8rEfEG383wJB2kc3jBhnsfY,,true
oFr7DDBznzEx7MMuJ4qQMNKAJftvWwAku5ZPy3cqP3wMUpKE7Trcv8MYueoZFXcXcsMZa3Djk5A2ADFNd2SP3Rx,true,
5nFyGaNa9PZoLfXwobqMH3A6xGsi54GXuh3Q2KKM7KdyGecKHiiQapDvgEHXKr3s76bVUrhGXRjBz1dZb6gRYXNW,,true
3MG8FQ9TieD8Q3Gyq1A4LWtYzYYQ2yA99TVif9AkK8pqnSKHYm6Ba83fq6L9tKKLkF9yt2a5wX9AAZp2CrcY9F6U,true,
65FHxY1ar5yWP3dfr2Tyt5HgoQEZ52vamLjeAaXryYjY9MazXgVnZ4Ydi4NzskTSaVh9RMtuw7duvC1vzd95JB6T,,true
p1tV4WUXN2HwLjg5AuiCT23CgoTMZn2iDNDiGBhmWqfMNSEeAcoy4c4TbQe7AXFShQ9mk9QKsQKeFDrznbnmP6V,true,true
3dpgzhFH1DaffZhtzWa3GHiDACa6zuitgrFrLnnPEKkcwny1zpYJYbpKqG3wKY9s6Ya3rJmHbXKkbYgAaPEQWwUw,true,
3czWCt1iy3gcvtFoUZ8eWkmL5GWM6cF3Lu1yySx3EiHuNNYLvEoPLRT17gwofkPek6Xe9Zhs9FjWNMvdmYaRAgrm,true,true
6ZZoWdZVH7TeuMUFbXZGm992nWGxFZYZhSTMa1QC4RYaEBwbwYWVdCkx1kBB8ioXykxZTb2cdKLxnBfsXyeN4Ge,true,true
zddNasovf4a7VKXfvrHz8VZHQN31FEySn4nNmFKVXKEfNvB3wYTAz4mwgiEUsfCTN4Y2ZixMXG1PLm4Ws8p5uu6,true,true
3Ar5VunjwQfwv8c5tkAqPmUP1MmWAuXtqcQkHXtJ3w86c3soMHQeiPYZuvJ4MyAcg2YK3Z4eEzWuRDYY2yzKTwvQ,true,true
64fw1icHNyASipAgHmLXuMGJZnFemS4jk3swN5SjHHsqCyvom42zhvNzNjsLodrLZ8NVcunDnwVeB7FSjGczzWXG,true,true
43o8XaiRe2WrqLVLBV3oVZvf8hykaBMEZ3GX1KjtHQy5owPLq6oogBScrdRn3SDtCydz9z5Enen7bBjfaqcKYAnt,true,true
C3PJhCxMSdWyX5WTDjWbyHyQzmswbezVqmWYH1Snyr5yGzbXGqKLUhqCJc1TZ7RdSD9sQBbqyAD44VDSbzcodXn,,true
36acdqYYdtLWbECBdkCa5T7vUEc4cCouJPN1cicP1z3bBbDxfRGs6JgRrmt3rU5YUiBrNHb53bYHGfKTVxQ9oL7r,true,true
42ySGyCPRFkw37xcf4HCCeCnHNNGqc17JJPW6WAjUdCDgEpgGP3Lvae1xLgkqXoxBtpx7tTQAMKDjHys6in6mbvp,true,true
3XfWK2urLdBeMyc18g7ZBT11noYSoQTCUopDEPgTgTSYr7An9qHiZjNxWAGNUsRAJxZdbTk3WG4D4dtRyHfq3JxS,true,true
4uJ3LMKNNgxnr9UgwpVpJH2BzVRxp5jxyByU26VCY97fBHTMVaVAoG1LLvKQE9RUZQcCMdsNN9h1y79fSV8nPgo2,true,
5YsQiA6w8uHQM3ea8RMhGmh68hHFmkRFefK98cKnfq7okcF5w1HRrCLmmRc6EBAdZxCYCVYg9bH8aATfHs23T3LW,true,
5P3qdFCEMMCofEfAbz1LpPk4BNubz9YroNQeKxWSwHoUugzphsjWzq1SwaR71b8JXuazBMxWCBMLgQQrVtXCYCGG,true,
3f6XLxFDjFMRZCJZD7T4prsx5YenCt1eUE8fMCjy6k9hxbkAA4QcAUxutvhSWkBu5Eve8eRCMXspUf7ndC2FDwdZ,,true
25eBbKc3TCJzvdCL9wCuC49T66RxQqNuRpahqa1B2JFtZ4pLouUDFybPWVh556NYEFkuwK2VNiYm77GN8Bur8LpH,true,true
5tqP2e4nFqaJU6Hc1b3UYFCynFFP1dFumaQ8AU9TYjC9p4swVwogMASSinN9nRmBNzUXvD1T2LHLVTV7TSbAGEDR,true,true
4Espu3W3py4BHKWkYoQBakDNFykwbXeosKcDGe5vgNVWhfF7vZhFibx54JpYiHERzRMZ4Kq9TEvZD9VSu9rHZKg3,true,true
2VNb7aJ7kCzbPNDtqF3kMA9SfMYk59Pwi5jC9dMNjWUjfUDA4uneGB4TjG2uvKoPFy9uRitg2EdVzTutAZzzdwcn,true,true
4haeQ7YC15HMcqoyvThFUoyNS3DfkrZvAyyXXKHYUTBTbMDYu83w83vTKc15bTkbFxPpaFyk9R2xcj5s8XThh43a,true,true
48BRnfgHPq3qSTjaY1XYmtSt7D31De3F7gBCFYXxWpUvWUB8ZX4bjda3E8AQ5y1jZ7H4hWQYNzjYstNw5HStZxGJ,true,
2qLiS6qcvG5W8jpRS2MsquZmhjXVHP8BxXwb2HiYtnywq7SGvUwy4X1NEHypbFTQAWAyKmYM3BcCGDrN9FZfNqA,true,true
VfAT6qwsAhCxmvCo4XuD6XaSsBQFP7L4MGAmKMrofz93QYgqzFFdESHb5mkzUCRjUZooC62yyiTi7cjBAYns7qF,true,true
3t4wDfQfQarN8V23oR8BKVLkAyrE9t7Jm38JdypV6bRexsX7FLy43uCT3Q1tGzg6JxsikhbTGaHjds4hBVEi8MiY,true,true
42f4YMqSMexGC2jJ1xtCsLYgoZRTQKbHEdLDERCw4S6YLYsVzCuTC9fwAHG8r7ghqiwdQLFmsFibRasWuL6iSwPV,true,
2Sfysz3NukJk7rYDTN3CaznyRafwfCm5k2xKyfkZwYqAG4frhVJanr3feWCvBzCMdf1wBNDX4wuDXZa8X16VYkKh,,true
4NjhfL9snFN8qLg4hQg2dc45xHf21acNmihEYF9xoAgDFRnFnkczy4cJAgEkyLZzSswzbxRA7MxzEAmqGmfxHgBT,true,true
5hhmWufcfYKPmNaxxZn8kJrzBBtmoCTiVFicromZyeMbxfogjcdqtimWvM3Sc185V2347WhvV8u6Y8G2vWyzuJPt,,true
aZSnzXf9iDERgAr1HnL4tBRN2T6gXEstW534jkY6TvZW1MCaSMXwGa1Ahyd8KENnRP1D9DnLc8sUTjykJR1FH4m,true,
5zLXTLqebRHMC7STsZvCZbggeKwHqkMqiaMdP9c2F8kZ1YxFhgpWw9B3TSq2gBibL9qwDUsB2vNLUpmo8EtCMdVk,true,true
FTamTd5Yvi5bprgKZYuSCWxs1V4bK95TVjCNn5aREzvkh55a9RGQ6ykrKSNTpfytp3WyWdiyxo4AcfWzjdT9S65,true,true
4SLedtqu64zUmDdnMBCTEvMt4cyN1EDfHZc8GNeLBsN4UFWEYZmsFcKKPhtun8psSh2mxa76695ToCNni1BghsVs,true,true
62aC7WyR8iqAk1ivrT6yQx5ErF6RGMNQqaqmmDACiuSouQD2EyirPG2KPNuvcZDepeLT8Lsj4g7hzYHy9WjsgSWx,,true
34HXePrDvDmrfRo3VecM4rJGQqVntcSjSRe3sdJfFE3LhaeqqPzY94odcudaY3fKUBDnxE6VNvQRMAaFAJuwSraf,true,true
4Vkha6AoDLUwvxDxGudeCQf6iRtJSwmwN1FcV84XbUPfPoaBCeExChixbcJyoPTzbqQiX3YBiiArrAHPREB6ogVm,true,
22VouFp9tW99jdXBw3dQ99ZcybqNPoFjFesJagG6mWwQ3i83jSQ1yiADkAYWiqxbZWmys7dThUZ2ETEv1f9ZvJSn,,true
zHRstFR7jRSuBXAPDDscgTFa1mLCg5dUdpdM1bHPaa8tEmiXLbchrkeypLkP6YuaXUL3sYCsAgewV295g8ZnwnT,true,true
J5RdXQ7RZvjMEAw6oK9svBX8Qt8XPwKxakoyMBxkBC8T8qqZk7S5srY6QKVm1e8bEJiJpbSECzxhLNcmXxYx2R9,true,true
42owmDY6hsRLyHH8i1nY9bSj553xzcoLNfAGviDoJ13Y3698PDf7ZK6ayJ4BqyXUG8s7t5UBSVMkLtDgwivpdnu2,true,true
5oCvi1BvPR6bb8pse53RYtV688bQu3924i38BRgK7nfD1HyvCQRsJXAiPxbnrXivQh3ViKwF7uq1ru6udnzUWV9j,,true
5hJBwh1RP1LDbsFyALSMgBYs97tFvgPmBbNV6D6avYwmiEnHxNEaooAHncLBJhNLiuqvNR4SepdCXyft1fqJ5Ja1,true,true
2394vjDXU9KuVpg5DB193TijQMEwH9NWoc5KWaJmDiuPbSqD1LaQpFR2bMawmp4pi9PeMPe6EYFsgxcwjXyHRaEw,true,true
BQ9FXaMUKdQUpUUDFgkSwabzDb2d5dkZRQHwBunYBdSUkNqr7DUvnDh4MjUXajqQoH1FJ18qyVCDLsLTcXvP6YC,true,true
JUuyGHeK2q4muBbbytHgau28BJvKw2tUwcBJGaDmGfu3EGCdbWiz2kzmvJ9Tc4pU1p1bGCar63N4ueoJk3kKa2o,true,true
33de19Fi2ra2j7x6pSMZGJaCTkpiodwi85coW8auY62jJ9geDXP84d6yPbwLnLJNu2nnAc1sCcpwKeY8Qo8kQxRt,true,true
3JnHcGytcCaWRWf7ktsoS22qL2AXhnoARyXDKWvADJgfPTVTK7KU7nt4rNfwcUya3QgDF7DD18S4CVFa2bHvT4Ys,true,
2KxJGzk7SrQkq86RBC3PE34ayWSFo8RMWEznSjGHAcJCZzNhz6NMmbNoaDSYr4S61uzynNexxEaAXDqKvFriPeP,true,true
2aRmaJQxSx3HYEJparQtnuTZ8v81SBPV8ZG6kMEtbWCxASXHmuzWgo4hqXFFg7wC2eUTfwYFTWvN5rH9ETsZi1ZU,true,true
5T2Lo7M74Sd7A4wPAzijsbnQHZz1B7Ypmy7McSwRfYgc3fvxtX9hyfkKGzyKc643M2X2MyzmHWbyVE1Jpun4j5Eh,true,true
HEFvAR3hFHbzjWrypoa85upXjYjDX15g7LDGMC9LZsQdtaPe5jKJwvXt4psmfXZMFS3iPLLG8YBZNX9D6etSNW9,true,true
5byMQVSF9nYxX1sZ2rm9B1di5tvUEWZdGp2mQeXPCEJFzd5zZu2dwoNmaNRwanMuroBJLfm5RLrbguVMcwnF5ijd,true,
3t9A6MBCNbUQkpS1NuiT4f18UNc8ijqLPnWYzTLotvvNbsw3CeWP2VgfPzmmd9qVhcaiUZTnYBbP3rF9cMS7sNDD,true,
PJCGU1m7jKuzdT49PfLPWqGzvgfjkzExgfRviKVxmes9QngsG5nZv4C3X62dJ4NZg3L4ekA4ytDoBSgNhNLeMxp,true,true
24SdvxF9WJeTYTirWf8SfwV1m8XzYJZSbKvfT4xpCYnqFgsHJcU3vYawg1nLyjRQqiCg4FhxiCE68vbnH45CYvtw,true,
48Njn94UtvomSEaa2x8NDKrWhCHZXptdsZZtJ5887fvaFqKvzmQS681kFio2zNmXeUoSPjxaEec2FTHyvaZX1A1X,true,
4RaWEdDinNUUjs8x2bRbWxPaJ4eEoDSNe5iHugUSqzRk6dw4ouxAan1tCAq7NBzqy6vLCVHCMPTQYWhFVBeBKzXn,,true
gscoh4AQkye6ZKxMvmipEBTJC8RAvWCXtusurUWf5yrCTpYe3jPh8msTQ6q85vBAcjQyuTxCRbLBaUJdkKdRyhY,,true
2CTNw3vYF4tS5nhZ1gGQ4vgepm55DM5RWyKsv2KPfSW3RiR9HaHcabQ3JPxJEKzgeH9aQE2qjWYfE7jSeQWrHJpE,,true
5QvdQ2nkDA17vvjbVbJmUeAYd7YrxkBpwCae4EzxgYSv1aAkxfqDHPfXwjpnjjRxF4efWmTWkLVBx1vNMc5SzkB3,true,
4YPD7r29QwBu3jnm4WWXL8LvGV8DfLjLw28H83qEMEiWzBTnWBKFmZCQchjfXVyCbMBpH98rmSbtne65PqgbeJQa,true,
rV9MsGZAhKiUrBok4Q6DLtATZHBM9hCUymsmNyP4uTYmu7qkZKS2aVmRgLVey64iQpPyJNGi8ms5DXqFV37ZK9E,,true
4hX1skwSQX7shitPM7LXBEt6xLZkHeoLr8y2VD38B19Nce3wDcdvEbGziKEbutjfsgvLSZxVrLtiFSgbKaDL9NuX,true,
4TGxnSnSi3DHkr6zoPks8Hj3UX7uEEBTYtD2VzKRv25xEsxmj1Cc6fL65gPkhwN2SmusBqFMRsp8rsFPEicfjcoS,true,true
4J1HroBAyAu4ktBwKz7KSnugwBmwJPemEKSdDD4pxFgwUWqU9hbb7WQBfd361BEFyUFgM2Dtr24Yq5ma1uHvRZoG,true,
35JPapWSM9z5EQBKtWKzHghvkc9pu29KSBpnKUryutdQrAoprSm11h3MDA6huRRL1GpD2g8CuM2FAfd85nBRfWJr,true,true
drSvJcwLduVAcgD3yAYN1AQeUWr4rtd6qxjDoqCpafZUNAurBmwnJLu7vXrLzTZmnwCQ3idv7cndtjNKBjN1K2z,true,true
XrGGtyTMxiQtuMtgu1L9DjkrHyVd6UCr3cRJkNh2qhqw3r5XmdtJUZH6Rbx9MZWGFNkazouFGFDqCPkciHXioGb,true,true
9Ng1nPd4z5zfFK4doQE2KR7AXNAg1dBrRuniVnpndTzMDooQyAnRPiBLdnPXVg5MbAc4jbuGsdTeogbxggN5zsU,true,true
5xtdiFsfYTkv1JjfnzBMk2TNHtPtnfXVz4hYqtYauHCtP5BbhUs9bAqbEDecB7bDqq6uMbdP4YP1UyhZgPjYqd2B,true,true
46FDmp973eY26c6rGuSTT8qh6J6x99rpNn5FYP66Eq1pLHSAEX1ipUeKyGuic69BkFrJfMtyaW6UK2FwuVxSF3aX,true,
5PgKJWxZu16M7WJL4uKdaUoaNijesQxZYQPfM8synGu1gyMPJi8BKyMt6G8aHYXNAByAx3wauNRRPTdmh8MfzM3u,true,
3qB2cWucXDfnRzzDnENtCFNTgrzppwtTtjjT9XdVr2wAtU8CvbjXmDApncXX1Gts9AR8mcv9PJNCEbZsnBMGF7jH,true,true
4VBjtXQvJ71cqi9qJwm5wbZwb9qoUGsEMiVPVVoWei6dRx9THBCMAVyLJwKkXQQPw2wqgAPBKS1SVU9bNE591ZyS,true,true
663Bg2YwoKF1LQYDkGcNt1yDDpQcRuoZpXuFjR7Wthfk4h4vjDkZ3fqCkJ4MYUqe8XLYq9Ktvyqa955ZsYzxFhLP,true,
WMGmjum2n8jCMfW7wgvdK9VBVzWGA1SfHQd7cLn2MVvhNZRGPbjGRn3c51EnusVZKKTj8JRzVUq8RdBhRCUWUhJ,true,
2U4km8MiqK3bkm3Wu1cRFtqRvvFiELsnrLwPz662Q5wsPUs9rJQPkyMgipErcQSV31rywMsK7NE5whcRgUdGoWK1,true,
B5UG95ryS2kt8GKXM9ohzQMMPKhyvnAgMVoVcxAQocbAzbxoFodNHGfcts4Buu4pWL4CvQyZbA81MHuiLDzhgXp,,true
zpNGmBgz3FMBg7irhZgTaBFrCLsCRpJT6VDP7b9Vqc7munwwZSVLhcLhUrKPHQUyQwTMd61b9bwpdPRZvZV7sgz,true,true
3ZycQ72UMc8BvhnShF9AmRWn1RVoMyFS4KviGgynbpq8rMmiz2H1YryXMpPz2wgoYzE758kdnj2sB2XpnHCCG3s6,true,true
GMDzDJ1nbK6zkGL9uGhWwfakXE5SLtQZuHEmUnUG76a4dKTxxugLRKreXZg3nPyCKd3tC5HGrAPniSqK7MxJzgW,true,true
5wa1WgBG2nEogYYqEh6sqaDhDxMVMyLhbMfpDSG6ZAQPukejXXTMxk6aUvhpxYa7wgVJbbxtvUbM23GZP4pqWBzF,true,
2TFpXgLbUmFqbpasTHWbDcjkBePH9WT2PLona7bDkJLmL3XQG3XwgP82LGg8mgHg4xuB3HbUu5wfkCDk2Ye7EzKe,true,
5dsKuQrZacDCdZvxHWaj4jTucfce1KXg6htDgpd2aCznfMquDPCLtakyDH32yK8VbmD7TZ5xUZz63AudDHgDxBc1,,true
2Tmvtnww3mZJnDKnK9eAUVMJw3arpnztim7W7WSV5sYJjKBys8QgwNnyw2ai7z7xHrUdiB3RpHAe4oNrk98qMkgY,true,true
3wFJf5egUwUNVwPATdScYFzpCSMR8FUStkuaEgQ9B9F1p46LsH63EHjV3kcxRX8ADAbnGAxvfTqHqCMknmDup8eC,true,true
42F563SFatc3gGhSj6DTR1nTfbzUtR83DPyU8YHHmNeZL9YoZoGg9hx5cfFH7aTJJKZNCoqpJWCy3TsWURehfZo6,true,true
5LrdGVWkjnxGXCyCqWbrpaPjWwKiTWBaVYcuziTj7FUwmbcd5PG4yk1JLtYNn58RYWsyS4oa81ZHN3LNiRiV3Q3j,true,true
31ekWw6UByJArkjv4Np3B7qHz4Z755J2XfaVtCMjKuybmFhwH2E2WaAPNicpfFcCAvPCDjSduRuxqBipVkCp2d29,true,true
45Fv2LwpFYYvoRTCnhkxJatzhqTaQhNyuZzPA1hdLNBdQqMbEqduuxTnWmyQ4HacnNPe1AskvygY5MSjxix38a5e,true,true
2XWooeN1dWNgAFFwSrLTtVyXXduusKn2PgYRFCP6sR6V6MyBVziRc1tp7DXwvutCiYxRZYKmy9UwHPidVHEPhNiC,true,true
48YnAJvindHuwu6PCMMB3a1qRQJcirMajR7vfj8DrZRcMY9V6RsUgawnmzQVYtWY9mzcbcURgF2cpdcCherif9RQ,true,true
3fnxHXUVQM5vMKz62JcPEHn89uTfT9uKDhuWpPKbhNEUhpCNRBpELgZCxoUMyrbvQNSmXzSXLXsMhBHiYZFfZz2r,true,true
2SQFDEnTYg7xP1S89kZYsTUNV12Yir3Zjz9ScfAp1p65RxRvBMhUvEJuo6otCEbt7f3PtZmQX1VdJqUSw65XzPQk,,true
2sMnpjrovdZ2FS7SF36xHXjvVr1j9oYEd4dCDzyeLWnFjT9VZbaEh2TvMiFjv4yJziChdUA6msHjrAynnSQnfUni,true,true
65wY8CzEmRJYZ5gYnupxKdwerJwxM7jEh4u2yMX6WN1h7rfM8X9vgnKyP7Tq6LeoA19hWj5XdSsN9UaGdzSEeB1p,true,true
YqDnZXXnbastvtvZmRnstCYT7yK9SuRsBjzGKeVFG8DRBKMPZkvBoWhcPfJkE4nmtVEfHA4NyCU6nmXnKJUtusT,true,true
4Qexxega3V83nucJPAuBgHaUHvhbanukNkXuQgxvwf8atGRy8pKTPyoGAHESJ8DEcwmByfWQXFqGS33Q9pGYraCr,true,true
5Mpgufm9tdBH4PaHFypYM7QyrPj5VhvT3gPvRT6nNvNn2pepLHhDxgF2N98izJJvGXEhMUjYrN9D4HVcdYbRqmg1,true,true
4s8eJHPU5Cgyc3nH9zQQ2UqpJZadikZRMVzoxahCHoHRurbpesSWKzSVZHePCu6eKbEfvBhLVSyfZzeHn6MfJARD,,true
2bcEwMQt2pgwTtquL6TeuW4V3zm1cbMa2SDa6oNJuGFNdoktq9rc5gFtCtU4BeDjtLDwgyyd4x1W66mjEBSMKsKy,true,true
4SCqcLm19AdGzbJUL5EgKN8r7UtS7QMze2Xn5iUxZR8fhtqPRoP5dd2yCGwXCGbbmAnbWhiSXUyPfANkchTm6N4T,true,true
5BUb2oPxAdQ7jW8hPCqEm7ezndkBJzubgEuwUYbx5h3fDVGUycJVPfx1fZ2Z1S58gZbqB1JKJjC75ktoPBVb9Bw2,true,true
5U7pi7tDXdVkKjDYnYvoQWWE4kF95Q1GKPEzjS4pdt6qTkmGU9sQ9udjowdbY2SMsEnP4fefnUJgs7tddKL5Xhh2,true,
GpXU4BAvZskvhDZauEGfuCbW2irgiz4H1tmF1NN8TPBk4Dis3At9MmfDofB2ZDqxRKHYWkd8KYDQg6hSV2gneFM,true,true
52kr3wRXDRs7rDp6PqyZn4W5wUywGDFDSGHvR76BHdjaGZXS4RZTKXFTkiwHsmKqcZ2pWLjoyMY5DB4SSm1AzBfA,true,true
3t5cjqmjSsAUKGUEW19jUHaUCHPoc6ur1xhq4g7LwtyaWugDtTQYBEnFaPxguGSQi3ahfccpQHpWUxui31kDtMxc,true,true
3AQ7jyXYXGzeo7ayLMoiCdRNY3EUaWA6QPUAYp1wXP5nB2WJDbNGM5jMvXiANH6Viq4FLV7UZ3RG8ZSwFXFMcRfS,true,true
5vmiPEzXH4T3zimCWrRqi7kpbEjBQ8weTihz4TjtcoQuJpsmECbmgNFcQanvr53SBCsMjZeF1HV9VNuDQVaCQbym,true,true
4RfiHz9MNnYhXhx1T4UxTMqpkPWuvAHcK7zGMpWv4vBwZSCMTCSJAHTV1Ksz4abGtVeYjYBg6qUp8uWSKcPcfmw1,true,true
r3h7Vib34eBuiMjwAGwL76okmKAATqTj7QsB74SLmffdUodowFxi3sBiQ7WrTpxvDWkRY4E5N7LooDb3Q625Fio,true,true
5KSsp6kxrRXQibF4pjfKLVDheSaZpm3ik42CvnauwJDRHf2Nx22eokDfFFW19JCRK8rcTc6bDgn5gEZFQeowSWEs,true,true
2kYfCLnGhre6gz63UGymoECaYDCGkMCDYRLpD4M8c3VvSCs8pPwfxd3abWGiTdPrehpsgVmbfTXvsH6gYaZHJMkE,true,true
X3HvBLqgezudDJjeegEmcJFk9WnLPLRtsFeNvSTiuVYcgyNvQDNwpCtwQmn37FjkrQCZPsnqWhjD4jD2Fy8RMP5,true,true
4LxXXNu8XuxqN81nYYrKjA4NcsAoTNKyKf3okWwK8zCxKGhxSa5tyP5FtkJoBqwVcP4bFUYEs8kPq8wSKEG9dRgM,true,true
4g9Tri2bzgii8uNEoaFeiyj3Ci96Am9e4snSGPpaEq9Ga9Mtg8axoJCw7pP7BT4iSbomW3AW6Urbd7Z2d6Yz7y16,,true
5D6fucr2cXsm9PV4TRyctdj88AbvzLE5softhVqKPYY4EgnuJer5mp4RmLW3Gu3FeXJYqq3PYXQxQEjSQL6fnLaW,true,
3wTGvkhbqYvoY1TRY8azwS9wpto3ZTsH5DzyfdLfG4wfc7WsAfhnBvKjB5AwBva7V6ixLieEJKXY5m6UM4G34nzE,true,true
5WHVooH63Gw4Pb1yWuGtMGhuSNHHd1rNPnScz9EoGuxsDMuacVQ8N6peLf9SWnKdPZ3ceSKSiK6x2HVW7ACBedsQ,,true
3Jx2W5KL5yQ4SoWCKaCbhRdX1R43wpgxwGmeEuPsvyAFvRoqtC6UTbUEQfQQkW4g3ffVkqBvHWnASgizBpSx8CxQ,true,true